#rname,startpos,endpos,numreads,covbases,coverage,meandepth,meanbaseq,meanmapq,filename
NC_018707,1,2519002,626312,2462149,97.743,24.2088,35.5,35.8,AN01_Pore_WGS_ref_Pacnes_C1_aligned.sorted.bam
NC_018707,1,2519002,1626658,2468172,97.9821,63.151,35.5,35.6,AN02_Pore_WGS_ref_Pacnes_C1_aligned.sorted.bam
NC_018707,1,2519002,35722,1745389,69.2889,1.35016,30.8,37.5,AN03_Pore_WGS_ref_Pacnes_C1_aligned.sorted.bam
NC_018707,1,2519002,26252,1489679,59.1377,0.993139,30.8,38.1,AN05_Pore_WGS_ref_Pacnes_C1_aligned.sorted.bam
NC_018707,1,2519002,58251752,2486056,98.6921,2273.87,34.5,39.9,AN06_Pore_WGS_ref_Pacnes_C1_aligned.sorted.bam
NC_018707,1,2519002,32085992,2486052,98.6919,1224.53,34.5,38.7,AN07_Pore_WGS_ref_Pacnes_C1_aligned.sorted.bam
NC_018707,1,2519002,22232178,2491532,98.9095,857.584,35.1,37.8,AN08_Pore_WGS_ref_Pacnes_C1_aligned.sorted.bam
NC_018707,1,2519002,105611928,2483214,98.5793,4152.03,35,35.9,AN09_Pore_WGS_ref_Pacnes_C1_aligned.sorted.bam
NC_018707,1,2519002,23393912,2482891,98.5665,887.13,34.5,39.1,AN10_Pore_WGS_ref_Pacnes_C1_aligned.sorted.bam
NC_018707,1,2519002,8558140,2499002,99.206,331.896,34.2,40.5,AN11_Swab_WGS_ref_Pacnes_C1_aligned.sorted.bam
NC_018707,1,2519002,7331634,2499920,99.2425,283.624,33.5,40.4,AN12_Swab_WGS_ref_Pacnes_C1_aligned.sorted.bam
NC_018707,1,2519002,3465546,2501411,99.3017,134.719,35.1,37.1,AN13_Swab_WGS_ref_Pacnes_C1_aligned.sorted.bam
NC_018707,1,2519002,369136,2509369,99.6176,14.2965,34.1,40,AN14_Swab_WGS_ref_Pacnes_C1_aligned.sorted.bam
NC_018707,1,2519002,25198,1293388,51.3453,0.952078,33.9,37.6,AN15_Swab_WGS_ref_Pacnes_C1_aligned.sorted.bam
NC_018707,1,2519002,418726,2500879,99.2805,16.2694,34.2,39.9,AN16_Swab_WGS_ref_Pacnes_C1_aligned.sorted.bam
NC_018707,1,2519002,1169546,2493135,98.9731,45.2645,34.1,40.8,AN17_Swab_WGS_ref_Pacnes_C1_aligned.sorted.bam
NC_018707,1,2519002,32562164,2487738,98.7589,1264.9,34.2,36.4,AN18_Swab_WGS_ref_Pacnes_C1_aligned.sorted.bam
NC_018707,1,2519002,16761266,2491228,98.8974,648.499,35.3,36.9,AN19_Swab_WGS_ref_Pacnes_C1_aligned.sorted.bam
NC_018707,1,2519002,11077670,2483214,98.5793,429.571,33.7,36.6,AN20_Swab_WGS_ref_Pacnes_C1_aligned.sorted.bam
NC_018707,1,2519002,61802,1779072,70.6261,1.7528,36.8,37.9,ConcatenatedReads_10AA_TP_5_all_ref_Pacnes_C1_aligned.sorted.bam
NC_018707,1,2519002,4273796,2484115,98.615,123.292,36.7,36.8,ConcatenatedReads_10PA_TP_5_all_ref_Pacnes_C1_aligned.sorted.bam
NC_018707,1,2519002,1327998,2484199,98.6184,38.1144,36.6,38.9,ConcatenatedReads_10PB_TP_5_all_ref_Pacnes_C1_aligned.sorted.bam
NC_018707,1,2519002,384136,2488615,98.7937,10.9417,36.8,39.8,ConcatenatedReads_11AA_TP_3_all_ref_Pacnes_C1_aligned.sorted.bam
NC_018707,1,2519002,45164,1395880,55.414,1.27625,36.8,34.5,ConcatenatedReads_11PA_TP_4_all_ref_Pacnes_C1_aligned.sorted.bam
NC_018707,1,2519002,539304,2494816,99.0399,15.5335,36.8,38.3,ConcatenatedReads_12AA_TP_3_all_ref_Pacnes_C1_aligned.sorted.bam
NC_018707,1,2519002,1715268,2517970,99.959,49.8728,36.7,39.3,ConcatenatedReads_12PA_TP_4_all_ref_Pacnes_C1_aligned.sorted.bam
NC_018707,1,2519002,153922,2352336,93.3836,4.33307,36.9,39.2,ConcatenatedReads_13AA_TP_4_all_ref_Pacnes_C1_aligned.sorted.bam
NC_018707,1,2519002,279552,2474069,98.2162,8.03198,36.9,38.1,ConcatenatedReads_13PA_TP_4_all_ref_Pacnes_C1_aligned.sorted.bam
NC_018707,1,2519002,921668,2482852,98.5649,26.8565,36.4,40.3,ConcatenatedReads_13PB_TP_1_all_ref_Pacnes_C1_aligned.sorted.bam
NC_018707,1,2519002,60022,1763926,70.0248,1.70888,36.8,38.2,ConcatenatedReads_14AA_TP_3_all_ref_Pacnes_C1_aligned.sorted.bam
NC_018707,1,2519002,10354918,2501155,99.2915,298.171,36.8,39.7,ConcatenatedReads_14PA_TP_2_all_ref_Pacnes_C1_aligned.sorted.bam
NC_018707,1,2519002,92126,2211498,87.7926,2.67443,36.7,40,ConcatenatedReads_15AA_TP_5_all_ref_Pacnes_C1_aligned.sorted.bam
NC_018707,1,2519002,64480,1827678,72.5556,1.84162,36.8,38.1,ConcatenatedReads_15AB_TP_4_all_ref_Pacnes_C1_aligned.sorted.bam
NC_018707,1,2519002,13635618,2498322,99.179,394.616,36.6,40.6,ConcatenatedReads_15PA_TP_5_all_ref_Pacnes_C1_aligned.sorted.bam
NC_018707,1,2519002,4020500,2498318,99.1789,115.574,36.7,40.1,ConcatenatedReads_16PB_TP_3_all_ref_Pacnes_C1_aligned.sorted.bam
NC_018707,1,2519002,25582,954780,37.9031,0.715708,36.9,37.4,ConcatenatedReads_17AA_TP_1_all_ref_Pacnes_C1_aligned.sorted.bam
NC_018707,1,2519002,80468,2071112,82.2195,2.30502,36.7,39.9,ConcatenatedReads_17AB_TP_1_all_ref_Pacnes_C1_aligned.sorted.bam
NC_018707,1,2519002,6053650,2493106,98.972,176.763,36.6,40.6,ConcatenatedReads_17PA_TP_3_all_ref_Pacnes_C1_aligned.sorted.bam
NC_018707,1,2519002,4640562,2519002,100,133.517,36.6,40.7,ConcatenatedReads_19AA_TP_1_all_ref_Pacnes_C1_aligned.sorted.bam
NC_018707,1,2519002,519612,2490311,98.861,15.1084,36.7,39.6,ConcatenatedReads_19PA_TP_1_all_ref_Pacnes_C1_aligned.sorted.bam
NC_018707,1,2519002,3846140,2517361,99.9349,113.986,34.5,40.9,ConcatenatedReads_1AA_TP_4_all_ref_Pacnes_C1_aligned.sorted.bam
NC_018707,1,2519002,6290754,2506619,99.5084,179.653,36.8,40.4,ConcatenatedReads_1PA_TP_5_all_ref_Pacnes_C1_aligned.sorted.bam
NC_018707,1,2519002,6887778,2496399,99.1027,199.545,36.5,39.7,ConcatenatedReads_1PB_TP_2_all_ref_Pacnes_C1_aligned.sorted.bam
NC_018707,1,2519002,69178,1862092,73.9218,1.95588,36.8,37.5,ConcatenatedReads_21AA_TP_1_all_ref_Pacnes_C1_aligned.sorted.bam
NC_018707,1,2519002,1488540,2506372,99.4986,43.1793,36.6,40.6,ConcatenatedReads_21PA_TP_5_all_ref_Pacnes_C1_aligned.sorted.bam
NC_018707,1,2519002,1105238,2452000,97.3401,31.8374,36.7,36.6,ConcatenatedReads_22AA_TP_1_all_ref_Pacnes_C1_aligned.sorted.bam
NC_018707,1,2519002,5073834,2519001,100,146.818,36.7,38.4,ConcatenatedReads_22PA_TP_1_all_ref_Pacnes_C1_aligned.sorted.bam
NC_018707,1,2519002,25608,1006683,39.9636,0.72897,36.9,38,ConcatenatedReads_23AA_TP_1_all_ref_Pacnes_C1_aligned.sorted.bam
NC_018707,1,2519002,7179388,2494430,99.0245,203.706,36.6,40.1,ConcatenatedReads_23PA_TP_1_all_ref_Pacnes_C1_aligned.sorted.bam
NC_018707,1,2519002,79364,1953357,77.5449,2.23377,36.8,37.5,ConcatenatedReads_24AA_TP_3_all_ref_Pacnes_C1_aligned.sorted.bam
NC_018707,1,2519002,85716,2024083,80.3526,2.41412,36.8,39.2,ConcatenatedReads_25AA_TP_1_all_ref_Pacnes_C1_aligned.sorted.bam
NC_018707,1,2519002,8829984,2490651,98.8745,253.287,36.6,40.4,ConcatenatedReads_25PA_TP_1_all_ref_Pacnes_C1_aligned.sorted.bam
NC_018707,1,2519002,1927164,2490485,98.8679,54.3518,36.8,39.9,ConcatenatedReads_2AA_TP_5_all_ref_Pacnes_C1_aligned.sorted.bam
NC_018707,1,2519002,174990,2429436,96.4444,5.02129,36.7,40,ConcatenatedReads_2AB_TP_5_all_ref_Pacnes_C1_aligned.sorted.bam
NC_018707,1,2519002,2333054,2487744,98.7591,69.3109,34.4,39.7,ConcatenatedReads_2PA_TP_3_all_ref_Pacnes_C1_aligned.sorted.bam
NC_018707,1,2519002,582126,2494498,99.0272,17.2895,34.5,40.7,ConcatenatedReads_2PB_TP_1_all_ref_Pacnes_C1_aligned.sorted.bam
NC_018707,1,2519002,112434,2298870,91.2611,3.24132,36.3,39.1,ConcatenatedReads_3AA_TP_2_all_ref_Pacnes_C1_aligned.sorted.bam
NC_018707,1,2519002,84492,2100197,83.3742,2.42506,36.2,38,ConcatenatedReads_3AB_TP_2_all_ref_Pacnes_C1_aligned.sorted.bam
NC_018707,1,2519002,3674302,2512674,99.7488,109.157,34.4,41,ConcatenatedReads_3PA_TP_2_all_ref_Pacnes_C1_aligned.sorted.bam
NC_018707,1,2519002,164276,2443342,96.9964,4.80052,35.7,40.7,ConcatenatedReads_4AA_TP_1_all_ref_Pacnes_C1_aligned.sorted.bam
NC_018707,1,2519002,337368,2485142,98.6558,9.85572,35.4,40.4,ConcatenatedReads_4AB_TP_1_all_ref_Pacnes_C1_aligned.sorted.bam
NC_018707,1,2519002,40812,1473865,58.5099,1.17146,36.5,38.7,ConcatenatedReads_4AC_TP_1_all_ref_Pacnes_C1_aligned.sorted.bam
NC_018707,1,2519002,4227156,2485854,98.6841,122.768,36.1,40,ConcatenatedReads_4PA_TP_2_all_ref_Pacnes_C1_aligned.sorted.bam
NC_018707,1,2519002,143158,2416813,95.9433,4.17637,35.4,39.8,ConcatenatedReads_5AA_TP_1_all_ref_Pacnes_C1_aligned.sorted.bam
NC_018707,1,2519002,85106,2020970,80.229,2.41045,36.7,37.6,ConcatenatedReads_5AB_TP_3_all_ref_Pacnes_C1_aligned.sorted.bam
NC_018707,1,2519002,1727540,2500566,99.2681,51.2523,34.5,40.9,ConcatenatedReads_5PA_TP_1_all_ref_Pacnes_C1_aligned.sorted.bam
NC_018707,1,2519002,5838394,2496122,99.0917,172.963,34.4,40.9,ConcatenatedReads_5PB_TP_3_all_ref_Pacnes_C1_aligned.sorted.bam
NC_018707,1,2519002,362346,2485804,98.6821,10.7496,34.4,41.2,ConcatenatedReads_6AA_TP_1_all_ref_Pacnes_C1_aligned.sorted.bam
NC_018707,1,2519002,80812,2234756,88.7159,2.39687,34.4,41.1,ConcatenatedReads_6PA_TP_1_all_ref_Pacnes_C1_aligned.sorted.bam
NC_018707,1,2519002,2445142,2487973,98.7682,70.1262,36.8,40.5,ConcatenatedReads_7AA_TP_5_all_ref_Pacnes_C1_aligned.sorted.bam
NC_018707,1,2519002,94932,2158998,85.7085,2.71755,36.6,38.1,ConcatenatedReads_7AB_TP_3_all_ref_Pacnes_C1_aligned.sorted.bam
NC_018707,1,2519002,593258,2482845,98.5646,17.2491,36.5,39.4,ConcatenatedReads_7PA_TP_5_all_ref_Pacnes_C1_aligned.sorted.bam
NC_018707,1,2519002,11197692,2499591,99.2294,331.73,34.4,41,ConcatenatedReads_7PB_TP_4_all_ref_Pacnes_C1_aligned.sorted.bam
NC_018707,1,2519002,96760,2198690,87.2842,2.78131,36.5,38.4,ConcatenatedReads_8AA_TP_3_all_ref_Pacnes_C1_aligned.sorted.bam
NC_018707,1,2519002,4946764,2497822,99.1592,146.577,34.4,40.5,ConcatenatedReads_8AB_TP_4_all_ref_Pacnes_C1_aligned.sorted.bam
NC_018707,1,2519002,863162,2484109,98.6148,25.6077,34.5,37.9,ConcatenatedReads_8AC_TP_4_all_ref_Pacnes_C1_aligned.sorted.bam
NC_018707,1,2519002,639678,2484990,98.6498,18.9862,34.4,38.6,ConcatenatedReads_8PA_TP_3_all_ref_Pacnes_C1_aligned.sorted.bam
NC_018707,1,2519002,7217652,2498062,99.1687,205.763,36.7,39.7,ConcatenatedReads_8PB_TP_5_all_ref_Pacnes_C1_aligned.sorted.bam
NC_018707,1,2519002,2502096,2491922,98.925,72.0864,36.7,40.5,ConcatenatedReads_9AA_TP_1_all_ref_Pacnes_C1_aligned.sorted.bam
NC_018707,1,2519002,2459554,2496338,99.1003,70.8146,36.8,38.2,ConcatenatedReads_9PA_TP_3_all_ref_Pacnes_C1_aligned.sorted.bam
NC_018707,1,2519002,21303130,2494485,99.0267,623.191,36,40.2,ConcatenatedReads_JSB_TP_2_all_ref_Pacnes_C1_aligned.sorted.bam
NC_018707,1,2519002,3771126,2518549,99.982,109.252,36.4,39.9,ConcatenatedReads_TCL_TP_2_all_ref_Pacnes_C1_aligned.sorted.bam
NC_018707,1,2519002,149556,2443620,97.0075,4.42206,36.4,40.6,DSM_001FA_ref_Pacnes_C1_aligned.sorted.bam
NC_018707,1,2519002,4006056,2486613,98.7142,117.611,36.6,40,DSM_002FA_ref_Pacnes_C1_aligned.sorted.bam
NC_018707,1,2519002,585920,2488800,98.801,17.2811,36.8,40.6,DSM_003FA_ref_Pacnes_C1_aligned.sorted.bam
NC_018707,1,2519002,430090,2483933,98.6078,12.7277,36.6,39.5,DSM_004FA_ref_Pacnes_C1_aligned.sorted.bam
NC_018707,1,2519002,362486,2484958,98.6485,10.7178,36.6,39.9,DSM_005FA_ref_Pacnes_C1_aligned.sorted.bam
NC_018707,1,2519002,474086,2485502,98.6701,14.0364,36.6,38.6,DSM_006FA_ref_Pacnes_C1_aligned.sorted.bam
NC_018707,1,2519002,19426,1072339,42.57,0.576209,36.4,40.1,DSM_007FA_ref_Pacnes_C1_aligned.sorted.bam
NC_018707,1,2519002,1429482,2491839,98.9217,42.3144,36.6,38.9,DSM_008FA_ref_Pacnes_C1_aligned.sorted.bam
NC_018707,1,2519002,232686,2479045,98.4138,6.8921,36.7,39.4,DSM_009FA_ref_Pacnes_C1_aligned.sorted.bam
NC_018707,1,2519002,87660,2272508,90.2146,2.60005,36.6,41,DSM_010FA_ref_Pacnes_C1_aligned.sorted.bam
NC_018707,1,2519002,86742,2240947,88.9617,2.57552,35.1,38.4,DSM_011FA_ref_Pacnes_C1_aligned.sorted.bam
NC_018707,1,2519002,307376,2483712,98.599,9.10585,36.2,40.9,DSM_012FA_ref_Pacnes_C1_aligned.sorted.bam
NC_018707,1,2519002,642910,2481314,98.5039,18.9431,36.7,40.6,DSM_013FA_ref_Pacnes_C1_aligned.sorted.bam
NC_018707,1,2519002,717984,2486281,98.701,21.2986,36.8,40.1,DSM_014FA_ref_Pacnes_C1_aligned.sorted.bam
NC_018707,1,2519002,181752,2487337,98.743,5.3723,36.7,39.8,DSM_015FA_ref_Pacnes_C1_aligned.sorted.bam
NC_018707,1,2519002,226004,2481832,98.5244,6.69232,36.5,39.7,DSM_016FA_ref_Pacnes_C1_aligned.sorted.bam
NC_018707,1,2519002,23124,1187829,47.1547,0.682308,36.1,40.4,DSM_017FA_ref_Pacnes_C1_aligned.sorted.bam
NC_018707,1,2519002,600044,2484067,98.6131,17.7929,36.5,40.3,DSM_018FA_ref_Pacnes_C1_aligned.sorted.bam
NC_018707,1,2519002,17350,970516,38.5278,0.51354,36.3,39.4,DSM_019FA_ref_Pacnes_C1_aligned.sorted.bam
NC_018707,1,2519002,33670,1494096,59.313,0.997665,36.8,40.4,DSM_020FA_ref_Pacnes_C1_aligned.sorted.bam
NC_018707,1,2519002,65650,2083219,82.7002,1.93909,36.2,40.3,DSM_021FA_ref_Pacnes_C1_aligned.sorted.bam
NC_018707,1,2519002,4530,305731,12.137,0.134378,36.3,39.9,DSM_022FA_ref_Pacnes_C1_aligned.sorted.bam
NC_018707,1,2519002,45000,1766205,70.1153,1.32729,36.1,40.1,DSM_023FA_ref_Pacnes_C1_aligned.sorted.bam
NC_018707,1,2519002,372136,2489133,98.8143,10.9924,36.6,40.1,DSM_024FA_ref_Pacnes_C1_aligned.sorted.bam
NC_018707,1,2519002,91488,2304224,91.4737,2.71458,35.5,40.2,DSM_025FA_ref_Pacnes_C1_aligned.sorted.bam
NC_018707,1,2519002,5868152,2497446,99.1443,173.791,36.2,40.9,DSM_026FA_ref_Pacnes_C1_aligned.sorted.bam
NC_018707,1,2519002,496450,2510194,99.6503,14.6985,36.6,40.5,DSM_027FA_ref_Pacnes_C1_aligned.sorted.bam
NC_018707,1,2519002,16634,948168,37.6406,0.493776,36.6,40.2,DSM_028FA_ref_Pacnes_C1_aligned.sorted.bam
NC_018707,1,2519002,269750,2475234,98.2625,7.98745,36.6,39,DSM_029FA_ref_Pacnes_C1_aligned.sorted.bam
NC_018707,1,2519002,15948,904020,35.888,0.473098,36.6,40.3,DSM_030FA_ref_Pacnes_C1_aligned.sorted.bam
NC_018707,1,2519002,194530,2466832,97.9289,5.67018,36.5,40.5,DSM_031FA_ref_Pacnes_C1_aligned.sorted.bam
NC_018707,1,2519002,233080,2490309,98.8609,6.91999,36.5,40.8,DSM_032FA_ref_Pacnes_C1_aligned.sorted.bam
NC_018707,1,2519002,288892,2484754,98.6404,8.50669,36.7,40.7,DSM_033FA_ref_Pacnes_C1_aligned.sorted.bam
NC_018707,1,2519002,72896,2099187,83.3341,2.13182,36.4,39.6,DSM_034FA_ref_Pacnes_C1_aligned.sorted.bam
NC_018707,1,2519002,4150986,2493625,98.9926,123.217,36.5,38.6,DSM_035FA_ref_Pacnes_C1_aligned.sorted.bam
NC_018707,1,2519002,2088878,2518416,99.9767,62.0344,36,40.4,DSM_036FA_ref_Pacnes_C1_aligned.sorted.bam
NC_018707,1,2519002,1903648,2484535,98.6317,55.6258,36.6,37.2,DSM_037FA_ref_Pacnes_C1_aligned.sorted.bam
NC_018707,1,2519002,83106,2250729,89.35,2.46522,36.5,40.1,DSM_038FA_ref_Pacnes_C1_aligned.sorted.bam
NC_018707,1,2519002,532450,2486342,98.7035,15.6492,36.4,40.8,DSM_039FA_ref_Pacnes_C1_aligned.sorted.bam
NC_018707,1,2519002,5880,392013,15.5622,0.174533,36.4,40.1,DSM_040FA_ref_Pacnes_C1_aligned.sorted.bam
NC_018707,1,2519002,87824,2249332,89.2946,2.58886,36.2,39.8,DSM_041FA_ref_Pacnes_C1_aligned.sorted.bam
NC_018707,1,2519002,2897938,2513497,99.7815,85.9525,36.5,39,DSM_042FA_ref_Pacnes_C1_aligned.sorted.bam
NC_018707,1,2519002,18656,1001105,39.7421,0.552724,36.7,39.5,DSM_043FA_ref_Pacnes_C1_aligned.sorted.bam
NC_018707,1,2519002,60056,2031606,80.6512,1.77802,36.3,40.9,DSM_044FA_ref_Pacnes_C1_aligned.sorted.bam
NC_018707,1,2519002,322912,2503610,99.389,9.57876,36.7,31.4,DSM_045FA_ref_Pacnes_C1_aligned.sorted.bam
NC_018707,1,2519002,214502,2473193,98.1815,6.36836,36.6,38.8,DSM_046FA_ref_Pacnes_C1_aligned.sorted.bam
NC_018707,1,2519002,57908,1936999,76.8955,1.69327,36.6,40.5,DSM_047FA_ref_Pacnes_C1_aligned.sorted.bam
NC_018707,1,2519002,516758,2485949,98.6879,15.3057,36.7,38.1,DSM_048FA_ref_Pacnes_C1_aligned.sorted.bam
NC_018707,1,2519002,879826,2490066,98.8513,26.034,36.7,40.4,DSM_049FA_ref_Pacnes_C1_aligned.sorted.bam
NC_018707,1,2519002,771160,2512188,99.7295,22.7088,36.7,39.4,DSM_050FA_ref_Pacnes_C1_aligned.sorted.bam
NC_018707,1,2519002,3690126,2486556,98.712,109.212,36.6,40.9,DSM_051FA_ref_Pacnes_C1_aligned.sorted.bam
NC_018707,1,2519002,6458888,2488393,98.7849,191.556,36.5,40.6,DSM_052FA_ref_Pacnes_C1_aligned.sorted.bam
NC_018707,1,2519002,17478,964552,38.291,0.518061,36.6,37.9,DSM_053FA_ref_Pacnes_C1_aligned.sorted.bam
NC_018707,1,2519002,72596,2129984,84.5567,2.14768,36.7,40.5,DSM_054FA_ref_Pacnes_C1_aligned.sorted.bam
NC_018707,1,2519002,872158,2483701,98.5986,25.8715,36.8,38,DSM_055FA_ref_Pacnes_C1_aligned.sorted.bam
NC_018707,1,2519002,429104,2483365,98.5853,12.7275,36.7,39.6,DSM_056FA_ref_Pacnes_C1_aligned.sorted.bam
NC_018707,1,2519002,400206,2513643,99.7873,11.8562,36.6,40.8,DSM_057FA_ref_Pacnes_C1_aligned.sorted.bam
NC_018707,1,2519002,3800550,2484678,98.6374,112.563,36.7,40.9,DSM_058FA_ref_Pacnes_C1_aligned.sorted.bam
NC_018707,1,2519002,155020,2460670,97.6843,4.59167,36.7,39.7,DSM_059FA_ref_Pacnes_C1_aligned.sorted.bam
NC_018707,1,2519002,532654,2501617,99.3098,15.7823,36.7,40.6,DSM_060FA_ref_Pacnes_C1_aligned.sorted.bam
NC_018707,1,2519002,717232,2518564,99.9826,21.289,36.6,40.6,DSM_121FA_ref_Pacnes_C1_aligned.sorted.bam
NC_018707,1,2519002,107574,2330973,92.5356,3.15339,36.5,39.5,DSM_122FA_ref_Pacnes_C1_aligned.sorted.bam
NC_018707,1,2519002,3408988,2485570,98.6728,100.676,36.6,38.4,DSM_123FA_ref_Pacnes_C1_aligned.sorted.bam
NC_018707,1,2519002,36228,1587465,63.0196,1.07444,36.7,40.6,DSM_124FA_ref_Pacnes_C1_aligned.sorted.bam
NC_018707,1,2519002,9692,601866,23.893,0.287509,36.6,39.9,DSM_125FA_ref_Pacnes_C1_aligned.sorted.bam
NC_018707,1,2519002,528166,2480810,98.4838,15.6616,36.7,39.7,DSM_126FA_ref_Pacnes_C1_aligned.sorted.bam
NC_018707,1,2519002,64504,2059040,81.7403,1.90997,36.7,40.5,DSM_127FA_ref_Pacnes_C1_aligned.sorted.bam
NC_018707,1,2519002,10244,615234,24.4237,0.303506,36.8,40.5,DSM_128FA_ref_Pacnes_C1_aligned.sorted.bam
NC_018707,1,2519002,1096744,2517973,99.9592,32.4696,36.6,40.3,DSM_129FA_ref_Pacnes_C1_aligned.sorted.bam
NC_018707,1,2519002,36064,1528584,60.6821,1.05449,36.4,39.9,DSM_130FA_ref_Pacnes_C1_aligned.sorted.bam
NC_018707,1,2519002,5228550,2503203,99.3728,155.2,36.4,37.5,DSM_131FA_ref_Pacnes_C1_aligned.sorted.bam
NC_018707,1,2519002,1359822,2480829,98.4846,40.2692,36.5,37.4,DSM_132FA_ref_Pacnes_C1_aligned.sorted.bam
NC_018707,1,2519002,187762,2473299,98.1857,5.56034,36.7,39.7,DSM_133FA_ref_Pacnes_C1_aligned.sorted.bam
NC_018707,1,2519002,75618,2153975,85.5091,2.24385,36.7,38.2,DSM_134FA_ref_Pacnes_C1_aligned.sorted.bam
NC_018707,1,2519002,89820,2281926,90.5885,2.66089,36.4,39.2,DSM_135FA_ref_Pacnes_C1_aligned.sorted.bam
NC_018707,1,2519002,369746,2483033,98.5721,10.9276,36.5,39.2,DSM_136FA_ref_Pacnes_C1_aligned.sorted.bam
NC_018707,1,2519002,275136,2486203,98.6979,8.15741,36.5,41.1,DSM_137FA_ref_Pacnes_C1_aligned.sorted.bam
NC_018707,1,2519002,9292,591833,23.4947,0.275812,36.4,40.5,DSM_138FA_ref_Pacnes_C1_aligned.sorted.bam
NC_018707,1,2519002,769794,2492445,98.9457,22.6138,36.6,40.5,DSM_139FA_ref_Pacnes_C1_aligned.sorted.bam
NC_018707,1,2519002,660890,2483923,98.6074,19.5471,36.6,40.8,DSM_140FA_ref_Pacnes_C1_aligned.sorted.bam
NC_018707,1,2519002,172462,2453379,97.3949,5.09982,36.4,39.1,DSM_141FA_ref_Pacnes_C1_aligned.sorted.bam
NC_018707,1,2519002,2409414,2484411,98.6268,71.4319,36.7,37.9,DSM_142FA_ref_Pacnes_C1_aligned.sorted.bam
NC_018707,1,2519002,36780,1570013,62.3268,1.08162,36.1,39.9,DSM_143FA_ref_Pacnes_C1_aligned.sorted.bam
NC_018707,1,2519002,341018,2504117,99.4091,10.1103,36.7,40.5,DSM_144FA_ref_Pacnes_C1_aligned.sorted.bam
NC_018707,1,2519002,321456,2486899,98.7256,9.3998,36.5,39.6,DSM_145FA_ref_Pacnes_C1_aligned.sorted.bam
NC_018707,1,2519002,1756858,2495914,99.0834,52.0222,36.7,40.1,DSM_146FA_ref_Pacnes_C1_aligned.sorted.bam
NC_018707,1,2519002,1056994,2503386,99.3801,31.1316,36.6,39.7,DSM_147FA_ref_Pacnes_C1_aligned.sorted.bam
NC_018707,1,2519002,45720,1771131,70.3108,1.34975,36.1,38.8,DSM_148FA_ref_Pacnes_C1_aligned.sorted.bam
NC_018707,1,2519002,222484,2499474,99.2248,6.59004,36.5,40.7,DSM_149FA_ref_Pacnes_C1_aligned.sorted.bam
NC_018707,1,2519002,4402636,2494830,99.0404,130.315,36.6,40.8,DSM_150FA_ref_Pacnes_C1_aligned.sorted.bam
NC_018707,1,2519002,2924494,2491249,98.8983,86.4382,36.7,38.7,DSM_151FA_ref_Pacnes_C1_aligned.sorted.bam
NC_018707,1,2519002,4536866,2485808,98.6823,134.075,36.6,39.7,DSM_152FA_ref_Pacnes_C1_aligned.sorted.bam
NC_018707,1,2519002,94656,2311502,91.7626,2.80689,36.6,40.5,DSM_153FA_ref_Pacnes_C1_aligned.sorted.bam
NC_018707,1,2519002,25024,1248867,49.5778,0.739691,36.3,39.3,DSM_154FA_ref_Pacnes_C1_aligned.sorted.bam
NC_018707,1,2519002,58414,1993251,79.1286,1.7307,36.6,40,DSM_155FA_ref_Pacnes_C1_aligned.sorted.bam
NC_018707,1,2519002,677102,2494957,99.0455,20.062,36.8,38.6,DSM_156FA_ref_Pacnes_C1_aligned.sorted.bam
NC_018707,1,2519002,9169986,2492622,98.9528,271.16,36.7,38.1,DSM_157FA_ref_Pacnes_C1_aligned.sorted.bam
NC_018707,1,2519002,62508,2055590,81.6033,1.85081,36.5,39.2,DSM_158FA_ref_Pacnes_C1_aligned.sorted.bam
NC_018707,1,2519002,295602,2481896,98.527,8.77728,36.8,40.7,DSM_159FA_ref_Pacnes_C1_aligned.sorted.bam
NC_018707,1,2519002,916532,2488015,98.7699,27.0633,36.6,41.1,DSM_160FA_ref_Pacnes_C1_aligned.sorted.bam
NC_018707,1,2519002,1023128,2486983,98.7289,30.3707,36.6,40.3,DSM_161FA_ref_Pacnes_C1_aligned.sorted.bam
NC_018707,1,2519002,383746,2486374,98.7047,11.3803,36.7,40.3,DSM_162FA_ref_Pacnes_C1_aligned.sorted.bam
NC_018707,1,2519002,191170,2489679,98.8359,5.67485,36.6,39.5,DSM_163FA_ref_Pacnes_C1_aligned.sorted.bam
NC_018707,1,2519002,1362036,2513485,99.781,40.3417,36.4,40.7,DSM_164FA_ref_Pacnes_C1_aligned.sorted.bam
NC_018707,1,2519002,1366834,2491229,98.8975,40.5191,36.5,40,DSM_165FA_ref_Pacnes_C1_aligned.sorted.bam
NC_018707,1,2519002,5992962,2485669,98.6767,177.775,36.5,41.2,DSM_166FA_ref_Pacnes_C1_aligned.sorted.bam
NC_018707,1,2519002,1683344,2485584,98.6734,49.6495,36.5,39.7,DSM_167FA_ref_Pacnes_C1_aligned.sorted.bam
NC_018707,1,2519002,13712,802923,31.8746,0.405393,36.2,39.7,DSM_168FA_ref_Pacnes_C1_aligned.sorted.bam
NC_018707,1,2519002,713454,2507288,99.535,21.1542,36.6,40.6,DSM_169FA_ref_Pacnes_C1_aligned.sorted.bam
NC_018707,1,2519002,6825820,2501386,99.3007,201.856,36.4,40.8,DSM_170FA_ref_Pacnes_C1_aligned.sorted.bam
NC_018707,1,2519002,355240,2496462,99.1052,10.5369,36.6,40.5,DSM_171FA_ref_Pacnes_C1_aligned.sorted.bam
NC_018707,1,2519002,90050,2260202,89.7261,2.66362,36.3,39,DSM_172FA_ref_Pacnes_C1_aligned.sorted.bam
NC_018707,1,2519002,4435218,2505450,99.462,131.153,36.6,40.3,DSM_173FA_ref_Pacnes_C1_aligned.sorted.bam
NC_018707,1,2519002,1630300,2492483,98.9472,48.389,36.5,40.7,DSM_174FA_ref_Pacnes_C1_aligned.sorted.bam
NC_018707,1,2519002,612046,2489852,98.8428,18.1742,36.6,41,DSM_175FA_ref_Pacnes_C1_aligned.sorted.bam
NC_018707,1,2519002,8744712,2518972,99.9988,258.004,36.5,41,DSM_176FA_ref_Pacnes_C1_aligned.sorted.bam
NC_018707,1,2519002,918234,2493172,98.9746,27.2205,36.7,40.4,DSM_177FA_ref_Pacnes_C1_aligned.sorted.bam
NC_018707,1,2519002,869080,2483855,98.6047,25.7795,36.6,37.5,DSM_178FA_ref_Pacnes_C1_aligned.sorted.bam
NC_018707,1,2519002,66798,2086636,82.8358,1.97449,36.1,39.3,DSM_179FA_ref_Pacnes_C1_aligned.sorted.bam
NC_018707,1,2519002,95928,2328661,92.4438,2.8475,36.5,40,DSM_180FA_ref_Pacnes_C1_aligned.sorted.bam
NC_018707,1,2519002,9729984,2497665,99.153,353.869,35,38.3,FDT01001cheek_ref_Pacnes_C1_aligned.sorted.bam
NC_018707,1,2519002,10432988,2510671,99.6693,376.977,34.8,37.7,FDT01002cheek_ref_Pacnes_C1_aligned.sorted.bam
NC_018707,1,2519002,3197692,2443224,96.9917,115.751,34.5,39.1,FDT01003cheek_ref_Pacnes_C1_aligned.sorted.bam
NC_018707,1,2519002,1415864,2372518,94.1848,51.5442,34.6,37,FDT01004cheek_ref_Pacnes_C1_aligned.sorted.bam
NC_018707,1,2519002,143980,576512,22.8865,5.14932,35,33.9,FDT01005cheek_ref_Pacnes_C1_aligned.sorted.bam
NC_018707,1,2519002,404904,2093837,83.1217,14.7011,34.3,37.8,FDT01006cheek_ref_Pacnes_C1_aligned.sorted.bam
NC_018707,1,2519002,2821210,2415048,95.8732,103.318,34.5,38.8,FDT01007cheek_ref_Pacnes_C1_aligned.sorted.bam
NC_018707,1,2519002,5250372,2478127,98.3773,191.244,34.7,38.2,FDT01008cheek_ref_Pacnes_C1_aligned.sorted.bam
NC_018707,1,2519002,17053088,2501776,99.3162,621.098,34.8,38.6,FDT01009cheek_ref_Pacnes_C1_aligned.sorted.bam
NC_018707,1,2519002,5812420,2479980,98.4509,211.185,34.4,37.8,FDT01010cheek_ref_Pacnes_C1_aligned.sorted.bam
NC_018707,1,2519002,2044472,2459372,97.6328,73.9443,34.4,34.8,FDT01011cheek_ref_Pacnes_C1_aligned.sorted.bam
NC_018707,1,2519002,13610336,2505788,99.4754,497.875,34.7,38.5,FDT01012cheek_ref_Pacnes_C1_aligned.sorted.bam
NC_018707,1,2519002,11006788,2506580,99.5069,400.428,34.6,38.3,FDT01013cheek_ref_Pacnes_C1_aligned.sorted.bam
NC_018707,1,2519002,12407958,2496097,99.0907,454.378,34.5,37.6,FDT01014cheek_ref_Pacnes_C1_aligned.sorted.bam
NC_018707,1,2519002,5470202,2467987,97.9748,198.228,34.5,38,FDT01015cheek_ref_Pacnes_C1_aligned.sorted.bam
NC_018707,1,2519002,2898940,2462235,97.7464,105.236,34.5,35.8,FDT01016cheek_ref_Pacnes_C1_aligned.sorted.bam
NC_018707,1,2519002,12793290,2512955,99.7599,467.255,34.5,29.7,FDT01017cheek_ref_Pacnes_C1_aligned.sorted.bam
NC_018707,1,2519002,19950058,2488026,98.7703,730.344,34.4,37.5,FDT01018cheek_ref_Pacnes_C1_aligned.sorted.bam
NC_018707,1,2519002,1623196,2403039,95.3965,59.1802,34.1,31.1,FDT01019cheek_ref_Pacnes_C1_aligned.sorted.bam
NC_018707,1,2519002,12408958,2517271,99.9313,451.654,34.3,36.8,FDT01020cheek_ref_Pacnes_C1_aligned.sorted.bam
NC_018707,1,2519002,194496,1883916,74.7882,7.04411,34.4,36.5,FDT01021cheek_ref_Pacnes_C1_aligned.sorted.bam
NC_018707,1,2519002,1122292,2367011,93.9662,40.5219,34.5,37.9,FDT01022cheek_ref_Pacnes_C1_aligned.sorted.bam
NC_018707,1,2519002,14382762,2516063,99.8833,522.191,34.5,36.4,FDT01023cheek_ref_Pacnes_C1_aligned.sorted.bam
NC_018707,1,2519002,14696626,2498242,99.1759,539.665,34.4,37.7,FDT01024cheek_ref_Pacnes_C1_aligned.sorted.bam
NC_018707,1,2519002,11574026,2509108,99.6072,422.493,34.1,38.5,FDT01025cheek_ref_Pacnes_C1_aligned.sorted.bam
NC_018707,1,2519002,11581796,2510175,99.6496,419.75,34.3,38.5,FDT01026cheek_ref_Pacnes_C1_aligned.sorted.bam
NC_018707,1,2519002,220576,1799778,71.4481,8.03281,34,37.6,FDT01028cheek_ref_Pacnes_C1_aligned.sorted.bam
NC_018707,1,2519002,9761232,2488333,98.7825,354.837,34.2,38.9,FDT01029cheek_ref_Pacnes_C1_aligned.sorted.bam
NC_018707,1,2519002,17600914,2508999,99.6029,641.129,34.6,38.6,FDT01030cheek_ref_Pacnes_C1_aligned.sorted.bam
NC_018707,1,2519002,976768,2335819,92.728,35.4328,34.4,38.7,FDT01031cheek_ref_Pacnes_C1_aligned.sorted.bam
NC_018707,1,2519002,5437022,2502823,99.3577,197.306,34.4,38.3,FDT01032cheek_ref_Pacnes_C1_aligned.sorted.bam
NC_018707,1,2519002,28530642,2518125,99.9652,1042.11,34.5,38.4,FDT01033cheek_ref_Pacnes_C1_aligned.sorted.bam
NC_018707,1,2519002,13082946,2515179,99.8482,476.894,34.4,37.6,FDT01035cheek_ref_Pacnes_C1_aligned.sorted.bam
NC_018707,1,2519002,16078256,2516666,99.9073,584.767,34.5,36.1,FDT01037cheek_ref_Pacnes_C1_aligned.sorted.bam
NC_018707,1,2519002,1431840,2437474,96.7635,51.7116,34.2,38,FDT01038cheek_ref_Pacnes_C1_aligned.sorted.bam
NC_018707,1,2519002,3489280,2477545,98.3542,126.476,34.4,36.9,FDT01039cheek_ref_Pacnes_C1_aligned.sorted.bam
NC_018707,1,2519002,4707942,2463713,97.8051,170.872,33.2,28.5,FDT01040cheek_ref_Pacnes_C1_aligned.sorted.bam
NC_018707,1,2519002,934820,2414958,95.8696,33.7478,33.1,32.9,FDT01041cheek_ref_Pacnes_C1_aligned.sorted.bam
NC_018707,1,2519002,15442894,2517491,99.94,560.226,33.3,35.5,FDT01042cheek_ref_Pacnes_C1_aligned.sorted.bam
NC_018707,1,2519002,173330,1788719,71.009,6.26182,33,34.9,FDT01044cheek_ref_Pacnes_C1_aligned.sorted.bam
NC_018707,1,2519002,25972730,2517886,99.9557,947.522,34.5,38,FDT01045cheek_ref_Pacnes_C1_aligned.sorted.bam
NC_018707,1,2519002,25112082,2500427,99.2626,916.739,34.7,37.7,FDT01047cheek_ref_Pacnes_C1_aligned.sorted.bam
NC_018707,1,2519002,28507008,2518165,99.9668,1036.58,34.6,37.6,FDT01048cheek_ref_Pacnes_C1_aligned.sorted.bam
NC_018707,1,2519002,3655008,2491080,98.8915,132.593,34.6,37.9,FDT01049cheek_ref_Pacnes_C1_aligned.sorted.bam
NC_018707,1,2519002,32516738,2499885,99.2411,1191.44,34.2,38,FDT01050cheek_ref_Pacnes_C1_aligned.sorted.bam
NC_018707,1,2519002,12205010,2508523,99.584,445.97,34.2,38,FDT01051cheek_ref_Pacnes_C1_aligned.sorted.bam
NC_018707,1,2519002,1764192,2402045,95.357,63.941,33.9,36.1,FDT01052cheek_ref_Pacnes_C1_aligned.sorted.bam
NC_018707,1,2519002,1077442,2262773,89.8282,39.1589,34,37.3,FDT01054cheek_ref_Pacnes_C1_aligned.sorted.bam
NC_018707,1,2519002,777166,2258943,89.6761,28.1287,34.2,36.9,FDT01055cheek_ref_Pacnes_C1_aligned.sorted.bam
NC_018707,1,2519002,4671124,2487166,98.7362,169.645,34.2,34.3,FDT01056cheek_ref_Pacnes_C1_aligned.sorted.bam
NC_018707,1,2519002,867108,2282119,90.5962,31.2115,34.3,37.1,FDT01057cheek_ref_Pacnes_C1_aligned.sorted.bam
NC_018707,1,2519002,2701180,1737456,68.974,97.593,34.8,33.2,FDT01058cheek_ref_Pacnes_C1_aligned.sorted.bam
NC_018707,1,2519002,13028912,2433373,96.6007,474.059,34.8,36.6,FDT01059cheek_ref_Pacnes_C1_aligned.sorted.bam
NC_018707,1,2519002,451392,2107779,83.6752,16.3385,34.2,36.2,FDT01060cheek_ref_Pacnes_C1_aligned.sorted.bam
NC_018707,1,2519002,650238,2216000,87.9713,23.744,34.4,30.2,FDT01061cheek_ref_Pacnes_C1_aligned.sorted.bam
NC_018707,1,2519002,904190,2304858,91.4989,33.0789,34.4,34.1,FDT01062cheek_ref_Pacnes_C1_aligned.sorted.bam
NC_018707,1,2519002,15837652,2511463,99.7007,576.216,34.6,38.3,FDT01063cheek_ref_Pacnes_C1_aligned.sorted.bam
NC_018707,1,2519002,13148014,2514986,99.8406,480.741,34.6,38.2,FDT01064cheek_ref_Pacnes_C1_aligned.sorted.bam
NC_018707,1,2519002,1922776,2321508,92.1598,69.6801,34.5,37.1,FDT01065cheek_ref_Pacnes_C1_aligned.sorted.bam
NC_018707,1,2519002,1158674,2056885,81.6548,42.2129,34.4,33.2,FDT01067cheek_ref_Pacnes_C1_aligned.sorted.bam
NC_018707,1,2519002,3804060,2462587,97.7604,138.844,34.3,36.8,FDT01068cheek_ref_Pacnes_C1_aligned.sorted.bam
NC_018707,1,2519002,3072460,2429724,96.4558,110.872,34.5,37.1,FDT01069cheek_ref_Pacnes_C1_aligned.sorted.bam
NC_018707,1,2519002,130812,1430997,56.8081,4.70204,34.6,35.9,FDT01070cheek_ref_Pacnes_C1_aligned.sorted.bam
NC_018707,1,2519002,97496,1504621,59.7308,3.52044,34.5,37.4,FDT01071cheek_ref_Pacnes_C1_aligned.sorted.bam
NC_018707,1,2519002,314414,1771324,70.3185,11.4491,34.2,36.4,FDT01072cheek_ref_Pacnes_C1_aligned.sorted.bam
NC_018707,1,2519002,11392112,2509223,99.6118,413.951,34.5,35.8,FDT01073cheek_ref_Pacnes_C1_aligned.sorted.bam
NC_018707,1,2519002,1966182,2384327,94.6536,71.2665,34.5,37.6,FDT01074cheek_ref_Pacnes_C1_aligned.sorted.bam
NC_018707,1,2519002,16571060,2507174,99.5304,602.961,34.5,37.6,FDT01075cheek_ref_Pacnes_C1_aligned.sorted.bam
NC_018707,1,2519002,153718,923719,36.67,5.40137,33.5,30.1,FDT01076cheek_ref_Pacnes_C1_aligned.sorted.bam
NC_018707,1,2519002,369230,2015412,80.0084,13.2514,32.8,32.3,FDT01077cheek_ref_Pacnes_C1_aligned.sorted.bam
NC_018707,1,2519002,371264,2003882,79.5506,13.4138,33.1,35.5,FDT01078cheek_ref_Pacnes_C1_aligned.sorted.bam
NC_018707,1,2519002,242472,1638583,65.0489,8.80935,33.2,34.9,FDT01079cheek_ref_Pacnes_C1_aligned.sorted.bam
NC_018707,1,2519002,169980,1759857,69.8633,6.14308,34.3,36.9,FDT01080cheek_ref_Pacnes_C1_aligned.sorted.bam
NC_018707,1,2519002,355652,1792182,71.1465,13.0656,34.4,37.6,FDT01081cheek_ref_Pacnes_C1_aligned.sorted.bam
NC_018707,1,2519002,4245480,2473858,98.2079,154.323,34.1,38.2,FDT01082cheek_ref_Pacnes_C1_aligned.sorted.bam
NC_018707,1,2519002,1447978,1492404,59.2458,51.1264,35.1,34,FDT01083cheek_ref_Pacnes_C1_aligned.sorted.bam
NC_018707,1,2519002,89894,465950,18.4974,3.18375,34.9,33.9,FDT01085cheek_ref_Pacnes_C1_aligned.sorted.bam
NC_018707,1,2519002,6491608,2485821,98.6828,235.807,34.3,37.9,FDT01086cheek_ref_Pacnes_C1_aligned.sorted.bam
NC_018707,1,2519002,5121888,2397762,95.187,188.706,34.3,34.4,FDT01087cheek_ref_Pacnes_C1_aligned.sorted.bam
NC_018707,1,2519002,15660526,2506864,99.5181,571.3,34.5,37.1,FDT01088cheek_ref_Pacnes_C1_aligned.sorted.bam
NC_018707,1,2519002,1485938,2383952,94.6387,54.5542,34.1,37.9,FDT01089cheek_ref_Pacnes_C1_aligned.sorted.bam
NC_018707,1,2519002,1126406,2343646,93.0387,40.8135,34.1,37.5,FDT01090cheek_ref_Pacnes_C1_aligned.sorted.bam
NC_018707,1,2519002,811798,2257004,89.5991,29.4085,34.2,38.2,FDT01091cheek_ref_Pacnes_C1_aligned.sorted.bam
NC_018707,1,2519002,223792,1890226,75.0387,8.06808,34.5,37.3,FDT01092cheek_ref_Pacnes_C1_aligned.sorted.bam
NC_018707,1,2519002,957100,2351643,93.3561,34.6849,34.4,37.8,FDT01094cheek_ref_Pacnes_C1_aligned.sorted.bam
NC_018707,1,2519002,15656130,2514467,99.82,570.469,34.4,37.1,FDT01096cheek_ref_Pacnes_C1_aligned.sorted.bam
NC_018707,1,2519002,1023786,2352127,93.3754,37.1159,34.4,36.2,FDT01097cheek_ref_Pacnes_C1_aligned.sorted.bam
NC_018707,1,2519002,2361104,2448193,97.189,85.5199,34.4,37.6,FDT01098cheek_ref_Pacnes_C1_aligned.sorted.bam
NC_018707,1,2519002,1183522,2354838,93.483,42.9358,34.2,38.2,FDT01099cheek_ref_Pacnes_C1_aligned.sorted.bam
NC_018707,1,2519002,651912,2217182,88.0183,23.5686,34.5,37.4,FDT01100cheek_ref_Pacnes_C1_aligned.sorted.bam
NC_018707,1,2519002,7666876,2481481,98.5105,278.606,34.5,34.9,FDT01101cheek_ref_Pacnes_C1_aligned.sorted.bam
NC_018707,1,2519002,2967654,2469279,98.0261,107.95,34.1,38.3,FDT01102cheek_ref_Pacnes_C1_aligned.sorted.bam
NC_018707,1,2519002,4967606,2501629,99.3103,180.534,34,38.7,FDT01103cheek_ref_Pacnes_C1_aligned.sorted.bam
NC_018707,1,2519002,1470250,2376993,94.3625,53.2486,34.3,38,FDT01104cheek_ref_Pacnes_C1_aligned.sorted.bam
NC_018707,1,2519002,162688,1858634,73.7845,5.89363,34.3,36.8,FDT01105cheek_ref_Pacnes_C1_aligned.sorted.bam
NC_018707,1,2519002,1157020,2377376,94.3777,42.0042,34.1,35.8,FDT01106cheek_ref_Pacnes_C1_aligned.sorted.bam
NC_018707,1,2519002,403920,2112532,83.8638,14.7003,33.9,36.7,FDT01107cheek_ref_Pacnes_C1_aligned.sorted.bam
NC_018707,1,2519002,645266,2180367,86.5568,23.4864,34.1,35.6,FDT01108cheek_ref_Pacnes_C1_aligned.sorted.bam
NC_018707,1,2519002,1424512,2282716,90.6199,52.1766,34.2,37.2,FDT01110cheek_ref_Pacnes_C1_aligned.sorted.bam
NC_018707,1,2519002,21904,758175,30.0982,0.794543,34.5,37.1,FDT01111cheek_ref_Pacnes_C1_aligned.sorted.bam
NC_018707,1,2519002,74622,1333488,52.9372,2.72305,34.4,37.2,FDT01112cheek_ref_Pacnes_C1_aligned.sorted.bam
NC_018707,1,2519002,6196,242882,9.64199,0.224697,34.1,34.1,FDT01114cheek_ref_Pacnes_C1_aligned.sorted.bam
NC_018707,1,2519002,173700,1756917,69.7466,6.31532,34.5,38.3,FDT01115cheek_ref_Pacnes_C1_aligned.sorted.bam
NC_018707,1,2519002,2262,159234,6.32131,0.0818856,33.8,33.6,FDT01116cheek_ref_Pacnes_C1_aligned.sorted.bam
NC_018707,1,2519002,5118166,2487002,98.7297,186.918,34.4,38.1,FDT01117cheek_ref_Pacnes_C1_aligned.sorted.bam
NC_018707,1,2519002,1538282,2371615,94.149,55.8874,34.4,38.2,FDT01118cheek_ref_Pacnes_C1_aligned.sorted.bam
NC_018707,1,2519002,3003364,2477440,98.3501,110.046,34.3,37.7,FDT01119cheek_ref_Pacnes_C1_aligned.sorted.bam
NC_018707,1,2519002,151300,1732831,68.7904,5.49131,34.5,37.3,FDT01120cheek_ref_Pacnes_C1_aligned.sorted.bam
NC_018707,1,2519002,4339404,2411446,95.7302,159.048,34.7,37.7,FDT01121cheek_ref_Pacnes_C1_aligned.sorted.bam
NC_018707,1,2519002,254766,1882871,74.7467,9.25575,34.5,37.5,FDT01122cheek_ref_Pacnes_C1_aligned.sorted.bam
NC_018707,1,2519002,1902528,2439547,96.8458,69.5935,34.4,34.7,FDT01123cheek_ref_Pacnes_C1_aligned.sorted.bam
NC_018707,1,2519002,321364,2031276,80.6381,11.7296,33.8,37.3,FDT01124cheek_ref_Pacnes_C1_aligned.sorted.bam
NC_018707,1,2519002,2159256,2336895,92.7707,79.1832,33.9,36.4,FDT01125cheek_ref_Pacnes_C1_aligned.sorted.bam
NC_018707,1,2519002,17437738,2512698,99.7497,649.059,34.4,37.7,FDT01126cheek_ref_Pacnes_C1_aligned.sorted.bam
NC_018707,1,2519002,1386076,2318722,92.0492,50.8032,34,37.8,FDT01127cheek_ref_Pacnes_C1_aligned.sorted.bam
NC_018707,1,2519002,2770052,2475523,98.274,101.717,34.3,36.8,FDT01129cheek_ref_Pacnes_C1_aligned.sorted.bam
NC_018707,1,2519002,142008,612254,24.3054,5.13771,34.8,34.9,FDT01130cheek_ref_Pacnes_C1_aligned.sorted.bam
NC_018707,1,2519002,3620576,2443283,96.9941,132.306,34.2,37.7,FDT01131cheek_ref_Pacnes_C1_aligned.sorted.bam
NC_018707,1,2519002,1578998,2374670,94.2703,57.2672,34.3,37.8,FDT01132cheek_ref_Pacnes_C1_aligned.sorted.bam
NC_018707,1,2519002,53166,1057089,41.9646,1.93051,34.4,36,FDT01133cheek_ref_Pacnes_C1_aligned.sorted.bam
NC_018707,1,2519002,658724,2235021,88.7264,24.0007,34.3,37.6,FDT01134cheek_ref_Pacnes_C1_aligned.sorted.bam
NC_018707,1,2519002,125048,1663175,66.0252,4.54813,34.2,37.9,FDT01135cheek_ref_Pacnes_C1_aligned.sorted.bam
NC_018707,1,2519002,2711574,2447664,97.168,98.7397,34.3,38.5,FDT01136cheek_ref_Pacnes_C1_aligned.sorted.bam
NC_018707,1,2519002,270822,1986685,78.8679,9.83376,34.3,35.8,FDT01137cheek_ref_Pacnes_C1_aligned.sorted.bam
NC_018707,1,2519002,125028,1675156,66.5008,4.54894,34.2,30.5,FDT01138cheek_ref_Pacnes_C1_aligned.sorted.bam
NC_018707,1,2519002,2465268,2452975,97.3788,89.6531,34.3,38.3,FDT01139cheek_ref_Pacnes_C1_aligned.sorted.bam
NC_018707,1,2519002,5403970,2495508,99.0673,197.514,34.1,38.4,FDT01140cheek_ref_Pacnes_C1_aligned.sorted.bam
NC_018707,1,2519002,2621230,2411904,95.7484,96.0511,34.2,38.4,FDT01141cheek_ref_Pacnes_C1_aligned.sorted.bam
NC_018707,1,2519002,8576098,2494851,99.0412,315.391,34.5,32.7,FDT01142cheek_ref_Pacnes_C1_aligned.sorted.bam
NC_018707,1,2519002,624404,2136423,84.8123,22.8332,34.3,37.8,FDT01146cheek_ref_Pacnes_C1_aligned.sorted.bam
NC_018707,1,2519002,3346278,2455219,97.4679,122.48,34.4,30.5,FDT01147cheek_ref_Pacnes_C1_aligned.sorted.bam
NC_018707,1,2519002,174650,1744504,69.2538,6.40572,34.6,37.1,FDT01148cheek_ref_Pacnes_C1_aligned.sorted.bam
NC_018707,1,2519002,99288,1140843,45.2895,3.64223,34.5,37.3,FDT01149cheek_ref_Pacnes_C1_aligned.sorted.bam
NC_018707,1,2519002,793478,2018270,80.1218,28.8682,34.6,36,FDT01151cheek_ref_Pacnes_C1_aligned.sorted.bam
NC_018707,1,2519002,431954,2187327,86.8331,15.6213,34.2,35.8,FDT01152cheek_ref_Pacnes_C1_aligned.sorted.bam
NC_018707,1,2519002,90960,1540437,61.1527,3.30456,34.3,37.1,FDT01153cheek_ref_Pacnes_C1_aligned.sorted.bam
NC_018707,1,2519002,663658,2108610,83.7082,24.2679,34.4,37.6,FDT01154cheek_ref_Pacnes_C1_aligned.sorted.bam
NC_018707,1,2519002,87262,1528377,60.6739,3.17284,34.1,38.1,FDT01155cheek_ref_Pacnes_C1_aligned.sorted.bam
NC_018707,1,2519002,2700620,2458133,97.5836,98.1994,34.5,35.2,FDT01156cheek_ref_Pacnes_C1_aligned.sorted.bam
NC_018707,1,2519002,10699364,2456111,97.5033,390.065,34.3,28.9,FDT01157cheek_ref_Pacnes_C1_aligned.sorted.bam
NC_018707,1,2519002,1975682,2426573,96.3307,71.7956,34.6,37.8,FDT01158cheek_ref_Pacnes_C1_aligned.sorted.bam
NC_018707,1,2519002,5520500,2480287,98.4631,201.3,34.2,39,FDT01159cheek_ref_Pacnes_C1_aligned.sorted.bam
NC_018707,1,2519002,22093358,2509102,99.607,815.146,34.4,38.8,FDT01160cheek_ref_Pacnes_C1_aligned.sorted.bam
NC_018707,1,2519002,3399238,2465195,97.864,123.869,34.2,36.6,FDT01161cheek_ref_Pacnes_C1_aligned.sorted.bam
NC_018707,1,2519002,3557280,2463035,97.7782,129.434,34.3,35,FDT01162cheek_ref_Pacnes_C1_aligned.sorted.bam
NC_018707,1,2519002,2486354,2428188,96.3948,90.6247,34.4,38.4,FDT01163cheek_ref_Pacnes_C1_aligned.sorted.bam
NC_018707,1,2519002,37640,1080383,42.8893,1.36299,34.1,36.3,FDT01164cheek_ref_Pacnes_C1_aligned.sorted.bam
NC_018707,1,2519002,3338526,2441880,96.9384,120.917,34,33.7,FDT01165cheek_ref_Pacnes_C1_aligned.sorted.bam
NC_018707,1,2519002,80038,1394269,55.3501,2.91171,34.2,37.3,FDT01166cheek_ref_Pacnes_C1_aligned.sorted.bam
NC_018707,1,2519002,1664158,2398954,95.2343,60.4543,34.3,37.2,FDT01167cheek_ref_Pacnes_C1_aligned.sorted.bam
NC_018707,1,2519002,387334,1075636,42.7009,14.0891,34.6,35,FDT01168cheek_ref_Pacnes_C1_aligned.sorted.bam
NC_018707,1,2519002,873668,2170581,86.1683,31.8124,34.1,36.3,FDT01169cheek_ref_Pacnes_C1_aligned.sorted.bam
NC_018707,1,2519002,4974978,2493046,98.9696,181.583,34.2,36.7,FDT01170cheek_ref_Pacnes_C1_aligned.sorted.bam
NC_018707,1,2519002,1333726,2357873,93.6035,48.5793,34.1,37.6,FDT01171cheek_ref_Pacnes_C1_aligned.sorted.bam
NC_018707,1,2519002,377668,2238243,88.8544,13.7179,34.6,36.9,FDT01172cheek_ref_Pacnes_C1_aligned.sorted.bam
NC_018707,1,2519002,756846,1910409,75.8399,27.6615,34.5,37.3,FDT01173cheek_ref_Pacnes_C1_aligned.sorted.bam
NC_018707,1,2519002,8178142,2359545,93.6698,304.228,34.8,36.5,FDT01174cheek_ref_Pacnes_C1_aligned.sorted.bam
NC_018707,1,2519002,864714,1983110,78.726,31.4425,34.4,36.9,FDT01175cheek_ref_Pacnes_C1_aligned.sorted.bam
NC_018707,1,2519002,2003180,2273024,90.2351,72.9879,34.5,34.3,FDT01176cheek_ref_Pacnes_C1_aligned.sorted.bam
NC_018707,1,2519002,1748876,2384298,94.6525,63.5496,34.3,33.7,FDT01177cheek_ref_Pacnes_C1_aligned.sorted.bam
NC_018707,1,2519002,4533934,2442798,96.9748,164.591,34.8,36.2,FDT01178cheek_ref_Pacnes_C1_aligned.sorted.bam
NC_018707,1,2519002,189812,1856023,73.6809,6.87306,34.3,37.6,FDT01179cheek_ref_Pacnes_C1_aligned.sorted.bam
NC_018707,1,2519002,300048,1929771,76.6086,10.8266,34.6,36.6,FDT01180cheek_ref_Pacnes_C1_aligned.sorted.bam
NC_018707,1,2519002,1491352,2380204,94.49,53.8992,34.1,37.7,FDT01181cheek_ref_Pacnes_C1_aligned.sorted.bam
NC_018707,1,2519002,11815624,2508877,99.5981,431.127,34.6,37.3,FDT01182cheek_ref_Pacnes_C1_aligned.sorted.bam
NC_018707,1,2519002,119160,1509502,59.9246,4.29548,34.4,38,FDT01183cheek_ref_Pacnes_C1_aligned.sorted.bam
NC_018707,1,2519002,90416,1535048,60.9387,3.27115,34.4,36.7,FDT01184cheek_ref_Pacnes_C1_aligned.sorted.bam
NC_018707,1,2519002,1059904,2369125,94.0501,38.4063,34.5,32.4,FDT01186cheek_ref_Pacnes_C1_aligned.sorted.bam
NC_018707,1,2519002,966622,2317733,92.01,35.3266,34.5,32.3,FDT01187cheek_ref_Pacnes_C1_aligned.sorted.bam
NC_018707,1,2519002,1934354,2374899,94.2794,70.3981,34.6,38,FDT01188cheek_ref_Pacnes_C1_aligned.sorted.bam
NC_018707,1,2519002,668420,2275885,90.3487,24.1216,34.2,37.5,FDT01190cheek_ref_Pacnes_C1_aligned.sorted.bam
NC_018707,1,2519002,9421886,2464112,97.821,343.826,34.8,37.3,FDT0864cheek_ref_Pacnes_C1_aligned.sorted.bam
NC_018707,1,2519002,3531166,2402819,95.3877,127.09,34.5,36.3,FDT0865cheek_ref_Pacnes_C1_aligned.sorted.bam
NC_018707,1,2519002,19662312,2507368,99.5382,721.306,34.7,38.8,FDT0867cheek_ref_Pacnes_C1_aligned.sorted.bam
NC_018707,1,2519002,9024652,2493887,99.003,328.469,35,37.9,FDT0868cheek_ref_Pacnes_C1_aligned.sorted.bam
NC_018707,1,2519002,284844,1889683,75.0171,10.2759,34.5,35.9,FDT0869cheek_ref_Pacnes_C1_aligned.sorted.bam
NC_018707,1,2519002,7546510,2480989,98.4909,274.638,34.8,36.4,FDT0870cheek_ref_Pacnes_C1_aligned.sorted.bam
NC_018707,1,2519002,1391952,2296881,91.1822,50.5595,34.6,35.6,FDT0871cheek_ref_Pacnes_C1_aligned.sorted.bam
NC_018707,1,2519002,440766,1530505,60.7584,15.8405,34.6,33.4,FDT0872cheek_ref_Pacnes_C1_aligned.sorted.bam
NC_018707,1,2519002,153032,1361599,54.0531,5.52381,34.6,36.9,FDT0873cheek_ref_Pacnes_C1_aligned.sorted.bam
NC_018707,1,2519002,5581800,2427903,96.3835,203.592,34.5,35.2,FDT0875cheek_ref_Pacnes_C1_aligned.sorted.bam
NC_018707,1,2519002,23507992,2512108,99.7263,869.81,34.3,35.6,FDT0876cheek_ref_Pacnes_C1_aligned.sorted.bam
NC_018707,1,2519002,3470134,2292553,91.0104,126.297,34.7,34.8,FDT0881cheek_ref_Pacnes_C1_aligned.sorted.bam
NC_018707,1,2519002,97982,999462,39.6769,3.53686,34.7,34.8,FDT0884cheek_ref_Pacnes_C1_aligned.sorted.bam
NC_018707,1,2519002,6267882,2356813,93.5614,226.975,34.7,38.3,FDT0886cheek_ref_Pacnes_C1_aligned.sorted.bam
NC_018707,1,2519002,7652620,2379242,94.4518,274.263,34.9,36.1,FDT0887cheek_ref_Pacnes_C1_aligned.sorted.bam
NC_018707,1,2519002,1813256,2364087,93.8501,66.2294,34.5,33.6,FDT0888cheek_ref_Pacnes_C1_aligned.sorted.bam
NC_018707,1,2519002,25334,457591,18.1656,0.88953,34.8,32.1,FDT0889cheek_ref_Pacnes_C1_aligned.sorted.bam
NC_018707,1,2519002,14572,160322,6.3645,0.522919,34.8,35.8,FDT0890cheek_ref_Pacnes_C1_aligned.sorted.bam
NC_018707,1,2519002,1835910,2360165,93.6944,66.8713,34.6,37.3,FDT0892cheek_ref_Pacnes_C1_aligned.sorted.bam
NC_018707,1,2519002,1816630,2145143,85.1584,65.915,34.8,37.3,FDT0893cheek_ref_Pacnes_C1_aligned.sorted.bam
NC_018707,1,2519002,1256956,2206284,87.5856,45.3379,34.4,37.1,FDT0895cheek_ref_Pacnes_C1_aligned.sorted.bam
NC_018707,1,2519002,469334,2049591,81.3652,16.9862,34.3,37.6,FDT0896cheek_ref_Pacnes_C1_aligned.sorted.bam
NC_018707,1,2519002,497726,1874948,74.4322,18.0609,34.8,37.6,FDT0897cheek_ref_Pacnes_C1_aligned.sorted.bam
NC_018707,1,2519002,2445820,2385808,94.7124,88.7071,34.4,34.5,FDT0898cheek_ref_Pacnes_C1_aligned.sorted.bam
NC_018707,1,2519002,3806562,2395027,95.0784,138.631,34.2,36.4,FDT0899cheek_ref_Pacnes_C1_aligned.sorted.bam
NC_018707,1,2519002,494016,1558805,61.8818,17.7438,34.8,35.3,FDT0900cheek_ref_Pacnes_C1_aligned.sorted.bam
NC_018707,1,2519002,3774086,2413046,95.7937,137.353,34.4,34.8,FDT0901cheek_ref_Pacnes_C1_aligned.sorted.bam
NC_018707,1,2519002,5319744,2449947,97.2586,194.11,34.4,37.7,FDT0902cheek_ref_Pacnes_C1_aligned.sorted.bam
NC_018707,1,2519002,341600,1506546,59.8073,12.3927,34.5,36.8,FDT0903cheek_ref_Pacnes_C1_aligned.sorted.bam
NC_018707,1,2519002,244078,1726398,68.535,8.85119,34.4,34.1,FDT0904cheek_ref_Pacnes_C1_aligned.sorted.bam
NC_018707,1,2519002,1579918,2126850,84.4322,57.3258,34.6,34.1,FDT0905cheek_ref_Pacnes_C1_aligned.sorted.bam
NC_018707,1,2519002,898374,1947608,77.3167,32.7746,34.4,34.6,FDT0906cheek_ref_Pacnes_C1_aligned.sorted.bam
NC_018707,1,2519002,196484,1666920,66.1738,7.08091,34.8,37.7,FDT0907cheek_ref_Pacnes_C1_aligned.sorted.bam
NC_018707,1,2519002,1616514,2345375,93.1073,58.221,34.2,34.6,FDT0909cheek_ref_Pacnes_C1_aligned.sorted.bam
NC_018707,1,2519002,3012262,2397172,95.1636,109.349,34,37.5,FDT0910cheek_ref_Pacnes_C1_aligned.sorted.bam
NC_018707,1,2519002,3351328,2418542,96.0119,120.65,34.8,38.1,FDT0911cheek_ref_Pacnes_C1_aligned.sorted.bam
NC_018707,1,2519002,130638,1143108,45.3794,4.71444,34.3,33,FDT0912cheek_ref_Pacnes_C1_aligned.sorted.bam
NC_018707,1,2519002,654196,2024743,80.3788,23.8549,34.2,37.8,FDT0914cheek_ref_Pacnes_C1_aligned.sorted.bam
NC_018707,1,2519002,1010988,1872353,74.3292,36.487,34.7,37.5,FDT0916cheek_ref_Pacnes_C1_aligned.sorted.bam
NC_018707,1,2519002,428976,1841550,73.1063,15.5628,34.7,37,FDT0917cheek_ref_Pacnes_C1_aligned.sorted.bam
NC_018707,1,2519002,725574,1933973,76.7754,26.298,34.5,34.3,FDT0918cheek_ref_Pacnes_C1_aligned.sorted.bam
NC_018707,1,2519002,4144386,2414051,95.8336,151.7,34.5,36.8,FDT0919cheek_ref_Pacnes_C1_aligned.sorted.bam
NC_018707,1,2519002,2830140,2369107,94.0494,102.513,34.5,35.7,FDT0920cheek_ref_Pacnes_C1_aligned.sorted.bam
NC_018707,1,2519002,4620446,2463256,97.787,167.826,34.3,34.5,FDT0921cheek_ref_Pacnes_C1_aligned.sorted.bam
NC_018707,1,2519002,1831442,2312707,91.8104,66.5747,34.5,37.7,FDT0922cheek_ref_Pacnes_C1_aligned.sorted.bam
NC_018707,1,2519002,12144,382845,15.1983,0.438981,34.6,35.6,FDT0923cheek_ref_Pacnes_C1_aligned.sorted.bam
NC_018707,1,2519002,1113490,2190836,86.9724,40.3025,34.4,37.9,FDT0924cheek_ref_Pacnes_C1_aligned.sorted.bam
NC_018707,1,2519002,3646086,2472892,98.1695,131.178,35,38.3,FDT0925cheek_ref_Pacnes_C1_aligned.sorted.bam
NC_018707,1,2519002,1534572,1970584,78.2288,55.4541,35,36.9,FDT0926cheek_ref_Pacnes_C1_aligned.sorted.bam
NC_018707,1,2519002,150984,1386652,55.0477,5.40203,34.9,37.6,FDT0929cheek_ref_Pacnes_C1_aligned.sorted.bam
NC_018707,1,2519002,18228614,2509734,99.6321,665.641,34.9,38,FDT0930cheek_ref_Pacnes_C1_aligned.sorted.bam
NC_018707,1,2519002,1026126,2242446,89.0212,37.1093,34.5,37.9,FDT0931cheek_ref_Pacnes_C1_aligned.sorted.bam
NC_018707,1,2519002,84518,896979,35.6085,3.05274,34.8,34.7,FDT0932cheek_ref_Pacnes_C1_aligned.sorted.bam
NC_018707,1,2519002,165884,1258468,49.959,6.06422,34.5,37.4,FDT0934cheek_ref_Pacnes_C1_aligned.sorted.bam
NC_018707,1,2519002,4836704,2390089,94.8824,178.281,34.2,37.3,FDT0935cheek_ref_Pacnes_C1_aligned.sorted.bam
NC_018707,1,2519002,798324,2204489,87.5144,28.8142,34.3,36.5,FDT0936cheek_ref_Pacnes_C1_aligned.sorted.bam
NC_018707,1,2519002,341372,1958690,77.7566,12.3402,34.1,36.8,FDT0937cheek_ref_Pacnes_C1_aligned.sorted.bam
NC_018707,1,2519002,586724,2199435,87.3137,21.1648,34.2,35.8,FDT0939cheek_ref_Pacnes_C1_aligned.sorted.bam
NC_018707,1,2519002,8789374,2506498,99.5036,321.269,34,37.7,FDT0940cheek_ref_Pacnes_C1_aligned.sorted.bam
NC_018707,1,2519002,1598980,2422791,96.1806,58.1124,34.3,36.8,FDT0941cheek_ref_Pacnes_C1_aligned.sorted.bam
NC_018707,1,2519002,20526,151126,5.99944,0.742412,34.2,34.6,FDT0942cheek_ref_Pacnes_C1_aligned.sorted.bam
NC_018707,1,2519002,873718,2262992,89.8368,31.5365,34.2,36.9,FDT0944cheek_ref_Pacnes_C1_aligned.sorted.bam
NC_018707,1,2519002,1459342,2233161,88.6526,53.2725,34.3,36.9,FDT0945cheek_ref_Pacnes_C1_aligned.sorted.bam
NC_018707,1,2519002,9804322,2515628,99.8661,353.783,34.1,36.2,FDT0946cheek_ref_Pacnes_C1_aligned.sorted.bam
NC_018707,1,2519002,99412,1566939,62.2048,3.57264,33.9,36.8,FDT0947cheek_ref_Pacnes_C1_aligned.sorted.bam
NC_018707,1,2519002,3314804,2485177,98.6572,119.716,33.8,37.1,FDT0948cheek_ref_Pacnes_C1_aligned.sorted.bam
NC_018707,1,2519002,1357732,2352417,93.3869,49.4715,33.9,37.6,FDT0949cheek_ref_Pacnes_C1_aligned.sorted.bam
NC_018707,1,2519002,364674,1838384,72.9806,13.3423,33.8,37.1,FDT0950cheek_ref_Pacnes_C1_aligned.sorted.bam
NC_018707,1,2519002,3568520,2465889,97.8915,127.984,34.8,32.1,FDT0951cheek_ref_Pacnes_C1_aligned.sorted.bam
NC_018707,1,2519002,7863610,2509483,99.6221,285.787,34.4,37.5,FDT0952cheek_ref_Pacnes_C1_aligned.sorted.bam
NC_018707,1,2519002,418272,2095097,83.1717,15.065,34.6,35.4,FDT0955cheek_ref_Pacnes_C1_aligned.sorted.bam
NC_018707,1,2519002,419188,1649740,65.4918,14.091,35.6,26,FDT0956cheek_ref_Pacnes_C1_aligned.sorted.bam
NC_018707,1,2519002,2371412,2249520,89.302,85.1151,34.8,37.1,FDT0958cheek_ref_Pacnes_C1_aligned.sorted.bam
NC_018707,1,2519002,241216,1450067,57.5651,8.73983,35,38.1,FDT0960cheek_ref_Pacnes_C1_aligned.sorted.bam
NC_018707,1,2519002,79628,532038,21.121,2.87049,34.8,37.4,FDT0961cheek_ref_Pacnes_C1_aligned.sorted.bam
NC_018707,1,2519002,6099232,2382383,94.5765,221.788,35,37.2,FDT0964cheek_ref_Pacnes_C1_aligned.sorted.bam
NC_018707,1,2519002,273150,1793309,71.1912,9.80035,34.5,36.6,FDT0966cheek_ref_Pacnes_C1_aligned.sorted.bam
NC_018707,1,2519002,2426004,2320999,92.1396,87.9737,34.7,36.4,FDT0967cheek_ref_Pacnes_C1_aligned.sorted.bam
NC_018707,1,2519002,11279114,2483852,98.6046,409.682,35,36.7,FDT0968cheek_ref_Pacnes_C1_aligned.sorted.bam
NC_018707,1,2519002,274588,1766878,70.142,9.84607,34.3,36.3,FDT0969cheek_ref_Pacnes_C1_aligned.sorted.bam
NC_018707,1,2519002,5606028,2349198,93.2591,205.263,34.9,32.1,FDT0971cheek_ref_Pacnes_C1_aligned.sorted.bam
NC_018707,1,2519002,408036,1618714,64.2601,14.6476,34.6,36.4,FDT0972cheek_ref_Pacnes_C1_aligned.sorted.bam
NC_018707,1,2519002,21407064,2507783,99.5546,785.258,34.6,38.6,FDT0973cheek_ref_Pacnes_C1_aligned.sorted.bam
NC_018707,1,2519002,2543984,2399069,95.2389,91.7142,34.5,37.8,FDT0975cheek_ref_Pacnes_C1_aligned.sorted.bam
NC_018707,1,2519002,68466,1251611,49.6868,2.47159,34.2,38,FDT0976cheek_ref_Pacnes_C1_aligned.sorted.bam
NC_018707,1,2519002,998106,1690906,67.126,35.9435,35,36.5,FDT0977cheek_ref_Pacnes_C1_aligned.sorted.bam
NC_018707,1,2519002,1053432,2199425,87.3133,38.4973,34.8,38.3,FDT0978cheek_ref_Pacnes_C1_aligned.sorted.bam
NC_018707,1,2519002,692720,2170747,86.1749,25.0337,35,36.2,FDT0979cheek_ref_Pacnes_C1_aligned.sorted.bam
NC_018707,1,2519002,96496,1515003,60.143,3.48804,34.7,36.1,FDT0980cheek_ref_Pacnes_C1_aligned.sorted.bam
NC_018707,1,2519002,983654,2104849,83.5588,35.847,34.7,35.2,FDT0981cheek_ref_Pacnes_C1_aligned.sorted.bam
NC_018707,1,2519002,783210,2263043,89.8389,28.3721,34.4,37,FDT0982cheek_ref_Pacnes_C1_aligned.sorted.bam
NC_018707,1,2519002,1965492,2431125,96.5114,71.3044,34.1,37.2,FDT0983cheek_ref_Pacnes_C1_aligned.sorted.bam
NC_018707,1,2519002,94202,1481119,58.7978,3.40345,34.3,37.5,FDT0984cheek_ref_Pacnes_C1_aligned.sorted.bam
NC_018707,1,2519002,1840640,2387446,94.7775,66.9506,34.6,37.1,FDT0985cheek_ref_Pacnes_C1_aligned.sorted.bam
NC_018707,1,2519002,668550,1972802,78.3168,24.4767,34.9,37.6,FDT0987cheek_ref_Pacnes_C1_aligned.sorted.bam
NC_018707,1,2519002,13919858,2514789,99.8328,506.245,34.7,37.8,FDT0988cheek_ref_Pacnes_C1_aligned.sorted.bam
NC_018707,1,2519002,2859480,2449326,97.234,103.461,34.7,37.8,FDT0990cheek_ref_Pacnes_C1_aligned.sorted.bam
NC_018707,1,2519002,1658490,2323460,92.2373,60.296,34.6,37.5,FDT0991cheek_ref_Pacnes_C1_aligned.sorted.bam
NC_018707,1,2519002,893338,2170368,86.1598,32.2871,34.6,37.7,FDT0992cheek_ref_Pacnes_C1_aligned.sorted.bam
NC_018707,1,2519002,1626106,2135842,84.7892,58.6177,34.9,35.3,FDT0993cheek_ref_Pacnes_C1_aligned.sorted.bam
NC_018707,1,2519002,4810160,2490306,98.8608,173.144,34.9,36.3,FDT0996cheek_ref_Pacnes_C1_aligned.sorted.bam
NC_018707,1,2519002,10060708,2482203,98.5391,367.916,35.2,34.6,FDT0997cheek_ref_Pacnes_C1_aligned.sorted.bam
NC_018707,1,2519002,9745186,2508747,99.5929,354.722,34.8,34.1,FDT0999cheek_ref_Pacnes_C1_aligned.sorted.bam
NC_018707,1,2519002,3885518,2490275,98.8596,137.597,36.2,40,HLSR1601_ref_Pacnes_C1_aligned.sorted.bam
NC_018707,1,2519002,463776,2480797,98.4833,17.7306,36.3,41.1,HLSR1602_ref_Pacnes_C1_aligned.sorted.bam
NC_018707,1,2519002,2112398,2469828,98.0479,76.4923,36.6,40.7,HLSR1603_ref_Pacnes_C1_aligned.sorted.bam
NC_018707,1,2519002,1389362,2482815,98.5634,53.155,35.5,41.1,HLSR1604_ref_Pacnes_C1_aligned.sorted.bam
NC_018707,1,2519002,3302402,2482729,98.56,124.858,34.9,37.7,HLSR1605_ref_Pacnes_C1_aligned.sorted.bam
NC_018707,1,2519002,4001774,2517716,99.9489,146.911,35.5,40.4,HLSR1606_ref_Pacnes_C1_aligned.sorted.bam
NC_018707,1,2519002,31101390,2519002,100,1191.87,35.4,40.8,HLSR1607_ref_Pacnes_C1_aligned.sorted.bam
NC_018707,1,2519002,7776766,2489591,98.8324,592.398,34.7,40.1,HLSR1608_ref_Pacnes_C1_aligned.sorted.bam
NC_018707,1,2519002,11618156,2483815,98.6031,447.28,35.5,41,HLSR1609_ref_Pacnes_C1_aligned.sorted.bam
NC_018707,1,2519002,880346,2471061,98.0968,75.8336,34.4,39.2,HLSR1610_ref_Pacnes_C1_aligned.sorted.bam
NC_018707,1,2519002,584722,2483030,98.572,21.25,35.8,40.6,HLSR1611_ref_Pacnes_C1_aligned.sorted.bam
NC_018707,1,2519002,6980348,2516450,99.8987,259.516,35.3,40,HLSR1612_ref_Pacnes_C1_aligned.sorted.bam
NC_018707,1,2519002,7905152,2489876,98.8437,299.292,34.3,40.7,HLSR1613_ref_Pacnes_C1_aligned.sorted.bam
NC_018707,1,2519002,4532104,2489361,98.8233,175.142,36.1,39.7,HLSR1614_ref_Pacnes_C1_aligned.sorted.bam
NC_018707,1,2519002,365906,2464023,97.8174,13.3187,36.7,40.6,HLSR1615_ref_Pacnes_C1_aligned.sorted.bam
NC_018707,1,2519002,1532278,2483856,98.6048,130.959,34.6,39.8,HLSR1616_ref_Pacnes_C1_aligned.sorted.bam
NC_018707,1,2519002,271886,2481877,98.5262,10.3063,33.7,40.6,HLSR1617_ref_Pacnes_C1_aligned.sorted.bam
NC_018707,1,2519002,1900102,2489512,98.8293,138.679,34.2,38.2,HLSR1618_ref_Pacnes_C1_aligned.sorted.bam
NC_018707,1,2519002,160454,2405434,95.4915,5.92736,35.7,38,HLSR1619_ref_Pacnes_C1_aligned.sorted.bam
NC_018707,1,2519002,1347828,2478663,98.3986,45.9657,37,36.9,HLSR1620_ref_Pacnes_C1_aligned.sorted.bam
NC_018707,1,2519002,2169172,2486394,98.7055,78.2497,36.6,40.3,HLSR1621_ref_Pacnes_C1_aligned.sorted.bam
NC_018707,1,2519002,13145500,2484509,98.6307,506.694,35.3,39.9,HLSR1622_ref_Pacnes_C1_aligned.sorted.bam
NC_018707,1,2519002,829206,2488461,98.7876,31.0186,35.9,38.2,HLSR1623_ref_Pacnes_C1_aligned.sorted.bam
NC_018707,1,2519002,222070,2457781,97.5696,8.45255,35.3,40.7,HLSR1624_ref_Pacnes_C1_aligned.sorted.bam
NC_018707,1,2519002,4468144,2482321,98.5438,166.038,35,36.5,HLSR1625_ref_Pacnes_C1_aligned.sorted.bam
NC_018707,1,2519002,1621580,2484489,98.6299,56.2678,36.4,40.6,HLSR1626_ref_Pacnes_C1_aligned.sorted.bam
NC_018707,1,2519002,536810,2477637,98.3579,20.3323,35.5,38,HLSR1627_ref_Pacnes_C1_aligned.sorted.bam
NC_018707,1,2519002,4697576,2518931,99.9972,177.189,34.7,40.3,HLSR1628_ref_Pacnes_C1_aligned.sorted.bam
NC_018707,1,2519002,1461532,2484319,98.6231,121.687,33.6,39.6,HLSR1629_ref_Pacnes_C1_aligned.sorted.bam
NC_018707,1,2519002,10038502,2483792,98.6022,390.022,35.3,37.5,HLSR1630_ref_Pacnes_C1_aligned.sorted.bam
NC_018707,1,2519002,737416,2510863,99.6769,45.7237,34.2,39.3,HLSR1631_ref_Pacnes_C1_aligned.sorted.bam
NC_018707,1,2519002,2798494,2479224,98.4209,102.012,36.3,39.9,HLSR1632_ref_Pacnes_C1_aligned.sorted.bam
NC_018707,1,2519002,969986,2487213,98.738,34.1357,36.9,40.5,HLSR1633_ref_Pacnes_C1_aligned.sorted.bam
NC_018707,1,2519002,857880,2479546,98.4337,32.0414,36.7,40.6,HLSR1634_ref_Pacnes_C1_aligned.sorted.bam
NC_018707,1,2519002,7138316,2483154,98.5769,536.466,34.8,35.9,HLSR1635_ref_Pacnes_C1_aligned.sorted.bam
NC_018707,1,2519002,697214,2489075,98.812,26.4332,35.5,40.7,HLSR1636_ref_Pacnes_C1_aligned.sorted.bam
NC_018707,1,2519002,1193268,2518169,99.9669,43.6194,36.3,40.9,HLSR1637_ref_Pacnes_C1_aligned.sorted.bam
NC_018707,1,2519002,9151724,2471919,98.1309,334.759,35.9,40.9,HLSR1638_ref_Pacnes_C1_aligned.sorted.bam
NC_018707,1,2519002,7669350,2491135,98.8937,286.555,34.6,40.9,HLSR1639_ref_Pacnes_C1_aligned.sorted.bam
NC_018707,1,2519002,8665538,2489796,98.8406,326.654,36,36.7,HLSR1640_ref_Pacnes_C1_aligned.sorted.bam
NC_018707,1,2519002,514148,2516683,99.9079,19.2816,35.8,40.9,HLSR1641_ref_Pacnes_C1_aligned.sorted.bam
NC_018707,1,2519002,3927436,2483647,98.5965,348.649,33.1,40.2,HLSR1642_ref_Pacnes_C1_aligned.sorted.bam
NC_018707,1,2519002,1290564,2494234,99.0168,44.8414,36.4,40.7,HLSR1643_ref_Pacnes_C1_aligned.sorted.bam
NC_018707,1,2519002,1648632,2507804,99.5555,60.8985,36,38.3,HLSR1644_ref_Pacnes_C1_aligned.sorted.bam
NC_018707,1,2519002,3062798,2483453,98.5888,111.306,36.6,40.7,HLSR1645_ref_Pacnes_C1_aligned.sorted.bam
NC_018707,1,2519002,969066,2487277,98.7406,35.88,35.7,38.1,HLSR1646_ref_Pacnes_C1_aligned.sorted.bam
NC_018707,1,2519002,1557188,2482682,98.5582,96.1037,31.4,40,HLSR1647_ref_Pacnes_C1_aligned.sorted.bam
NC_018707,1,2519002,742030,2482405,98.5472,27.7976,35.4,40.7,HLSR1648_ref_Pacnes_C1_aligned.sorted.bam
NC_018707,1,2519002,448034,2479999,98.4516,16.2119,36.6,40,HLSR1649_ref_Pacnes_C1_aligned.sorted.bam
NC_018707,1,2519002,3160566,2482832,98.5641,118.248,36.3,40.6,HLSR1650_ref_Pacnes_C1_aligned.sorted.bam
NC_018707,1,2519002,3225096,2518965,99.9985,117.061,35.6,33.6,HLSR1651_ref_Pacnes_C1_aligned.sorted.bam
NC_018707,1,2519002,19812666,2518402,99.9762,751.269,35.7,41,HLSR1652_ref_Pacnes_C1_aligned.sorted.bam
NC_018707,1,2519002,162046,2444620,97.0472,6.06381,35.9,40.6,HLSR1653_ref_Pacnes_C1_aligned.sorted.bam
NC_018707,1,2519002,1433356,2482630,98.5561,54.5572,36.4,40.6,HLSR1654_ref_Pacnes_C1_aligned.sorted.bam
NC_018707,1,2519002,841884,2488371,98.784,29.6198,36.2,37.1,HLSR1655_ref_Pacnes_C1_aligned.sorted.bam
NC_018707,1,2519002,5488208,2483364,98.5852,210.703,36.5,41,HLSR1656_ref_Pacnes_C1_aligned.sorted.bam
NC_018707,1,2519002,6614246,2489406,98.8251,248.39,36.1,38.6,HLSR1657_ref_Pacnes_C1_aligned.sorted.bam
NC_018707,1,2519002,3547370,2469100,98.019,132.282,35.7,40.9,HLSR1658_ref_Pacnes_C1_aligned.sorted.bam
NC_018707,1,2519002,3613742,2474447,98.2312,133.8,36.3,35.9,HLSR1659_ref_Pacnes_C1_aligned.sorted.bam
NC_018707,1,2519002,1544026,2517900,99.9563,58.183,36.2,41.2,HLSR1660_ref_Pacnes_C1_aligned.sorted.bam
NC_018707,1,2519002,192702,2458964,97.6166,7.2155,35.6,40.6,HLSR1661_ref_Pacnes_C1_aligned.sorted.bam
NC_018707,1,2519002,2749520,2503343,99.3784,102.565,35.5,39.1,HLSR1662_ref_Pacnes_C1_aligned.sorted.bam
NC_018707,1,2519002,790388,2492151,98.9341,26.339,35.7,40.5,HLSR1663_ref_Pacnes_C1_aligned.sorted.bam
NC_018707,1,2519002,722108,2489732,98.838,27.5501,35.4,40.3,HLSR1664_ref_Pacnes_C1_aligned.sorted.bam
NC_018707,1,2519002,165460,2456069,97.5017,6.15603,36,41.1,HLSR1665_ref_Pacnes_C1_aligned.sorted.bam
NC_018707,1,2519002,3686028,2486681,98.7169,143.008,34.3,40.6,HLSR1666_ref_Pacnes_C1_aligned.sorted.bam
NC_018707,1,2519002,5462990,2490636,98.8739,204.406,36.1,40.5,HLSR1667_ref_Pacnes_C1_aligned.sorted.bam
NC_018707,1,2519002,2939516,2486510,98.7101,107.79,36,40.2,HLSR1668_ref_Pacnes_C1_aligned.sorted.bam
NC_018707,1,2519002,408080,2485916,98.6865,15.7778,34.4,36.6,HLSR1669_ref_Pacnes_C1_aligned.sorted.bam
NC_018707,1,2519002,572208,2518502,99.9802,20.8528,36.4,40.9,HLSR1670_ref_Pacnes_C1_aligned.sorted.bam
NC_018707,1,2519002,7505344,2477107,98.3368,285.098,35.4,40.4,HLSR1671_ref_Pacnes_C1_aligned.sorted.bam
NC_018707,1,2519002,7252064,2483260,98.5811,283.731,35.2,38.5,HLSR1672_ref_Pacnes_C1_aligned.sorted.bam
NC_018707,1,2519002,126988,2288396,90.8453,4.39944,36.6,40.3,HLSR1673_ref_Pacnes_C1_aligned.sorted.bam
NC_018707,1,2519002,5279774,2479229,98.4211,194.059,36.4,40.5,HLSR1674_ref_Pacnes_C1_aligned.sorted.bam
NC_018707,1,2519002,5370190,2467664,97.962,209.17,35.3,36.8,HLSR1675_ref_Pacnes_C1_aligned.sorted.bam
NC_018707,1,2519002,4325532,2518382,99.9754,169.654,36,40.8,HLSR1676_ref_Pacnes_C1_aligned.sorted.bam
NC_018707,1,2519002,773368,2499719,99.2345,29.3889,35.3,40.7,HLSR1677_ref_Pacnes_C1_aligned.sorted.bam
NC_018707,1,2519002,5550668,2486595,98.7135,216.117,35.3,40.4,HLSR1678_ref_Pacnes_C1_aligned.sorted.bam
NC_018707,1,2519002,730784,2479848,98.4457,23.9967,36.6,39.8,HLSR1679_ref_Pacnes_C1_aligned.sorted.bam
NC_018707,1,2519002,249582,2419017,96.0308,8.70073,36.3,29.2,HLSR1680_ref_Pacnes_C1_aligned.sorted.bam
NC_018707,1,2519002,7379174,2500566,99.2681,276.955,36.1,40.6,HLSR1681_ref_Pacnes_C1_aligned.sorted.bam
NC_018707,1,2519002,1308238,2492611,98.9523,49.2916,35.5,39.6,HLSR1682_ref_Pacnes_C1_aligned.sorted.bam
NC_018707,1,2519002,4662248,2490983,98.8877,172.016,33.4,41.3,MET0012_ref_Pacnes_C1_aligned.sorted.bam
NC_018707,1,2519002,1235338,2483322,98.5836,41.1745,33.4,40.9,MET0050_ref_Pacnes_C1_aligned.sorted.bam
NC_018707,1,2519002,4037500,2491330,98.9015,131.459,32.9,41.2,MET0074_ref_Pacnes_C1_aligned.sorted.bam
NC_018707,1,2519002,1620732,2499900,99.2417,55.2599,33.1,40.8,MET0092_ref_Pacnes_C1_aligned.sorted.bam
NC_018707,1,2519002,14428138,2517847,99.9541,543.388,34.2,41.2,MET0136_ref_Pacnes_C1_aligned.sorted.bam
NC_018707,1,2519002,1520534,2493136,98.9732,54.828,34.4,41.1,MET0157_ref_Pacnes_C1_aligned.sorted.bam
NC_018707,1,2519002,1343450,2381041,94.5232,51.8113,34.8,40.2,MET0185_ref_Pacnes_C1_aligned.sorted.bam
NC_018707,1,2519002,2766574,2496095,99.0906,106.709,34.5,40.8,MET0204_ref_Pacnes_C1_aligned.sorted.bam
NC_018707,1,2519002,9326286,2481403,98.5074,361.678,35.3,40.8,MET0221_ref_Pacnes_C1_aligned.sorted.bam
NC_018707,1,2519002,5548602,2483307,98.583,211.857,34.6,41.1,MET0238_ref_Pacnes_C1_aligned.sorted.bam
NC_018707,1,2519002,10218878,2518874,99.9949,393.583,35.1,40.9,MET0288_ref_Pacnes_C1_aligned.sorted.bam
NC_018707,1,2519002,4546234,2485275,98.6611,176.73,35.1,40.3,MET0305_ref_Pacnes_C1_aligned.sorted.bam
NC_018707,1,2519002,53700,2139564,84.937,2.88072,36.4,39.1,PAH_Individual105_ref_Pacnes_C1_aligned.sorted.bam
NC_018707,1,2519002,259912,2517516,99.941,14.49,36.4,39.8,PAH_Individual11_ref_Pacnes_C1_aligned.sorted.bam
NC_018707,1,2519002,1921116,2508354,99.5773,100.101,34.4,40.2,PAH_Individual12_ref_Pacnes_C1_aligned.sorted.bam
NC_018707,1,2519002,763806,2509957,99.6409,42.5148,33.6,38.7,PAH_Individual26_ref_Pacnes_C1_aligned.sorted.bam
NC_018707,1,2519002,56750,2251002,89.3609,3.12461,36.4,39,PAH_Individual27_ref_Pacnes_C1_aligned.sorted.bam
NC_018707,1,2519002,2012418,2506152,99.4899,105.62,36.7,39.9,PAH_Individual431_ref_Pacnes_C1_aligned.sorted.bam
NC_018707,1,2519002,78326,2398914,95.2327,4.3253,36.2,39.4,PAH_Individual437_ref_Pacnes_C1_aligned.sorted.bam
NC_018707,1,2519002,173582,2474457,98.2316,9.52714,36.6,39.7,PAH_Individual440_ref_Pacnes_C1_aligned.sorted.bam
NC_018707,1,2519002,751152,2516738,99.9101,41.3004,33.8,39.6,PAH_Individual446_ref_Pacnes_C1_aligned.sorted.bam
NC_018707,1,2519002,609904,2498199,99.1742,32.9642,36.6,39.4,PAH_Individual477_ref_Pacnes_C1_aligned.sorted.bam
NC_018707,1,2519002,5163762,2507478,99.5425,283.556,33.2,40.1,PAH_Individual482_ref_Pacnes_C1_aligned.sorted.bam
NC_018707,1,2519002,16522,1258647,49.9661,0.932782,33,39.5,PAH_Individual491_ref_Pacnes_C1_aligned.sorted.bam
NC_018707,1,2519002,35782,1890706,75.0577,1.95467,33.4,39.7,PAH_Individual501_ref_Pacnes_C1_aligned.sorted.bam
NC_018707,1,2519002,127762,2482478,98.5501,7.28216,36.2,39.9,PAH_Individual511_ref_Pacnes_C1_aligned.sorted.bam
NC_018707,1,2519002,1345442,2486844,98.7234,74.4957,33.2,40,PAH_Individual518_ref_Pacnes_C1_aligned.sorted.bam
NC_018707,1,2519002,3824482,2518059,99.9626,210.2,36.2,38.9,PAH_Individual533_ref_Pacnes_C1_aligned.sorted.bam
NC_018707,1,2519002,32192,1773444,70.4026,1.76269,35.9,39.2,PAH_Individual54_ref_Pacnes_C1_aligned.sorted.bam
NC_018707,1,2519002,74984,2339392,92.8698,4.03072,33.5,37.5,PAH_Individual59_ref_Pacnes_C1_aligned.sorted.bam
NC_018707,1,2519002,220722,2485552,98.6721,12.0374,35.7,40,PAH_Individual7_ref_Pacnes_C1_aligned.sorted.bam
NC_018707,1,2519002,73762,2354691,93.4771,4.03742,36.3,39.9,PAH_Individual74_ref_Pacnes_C1_aligned.sorted.bam
NC_018707,1,2519002,1392142,2518056,99.9624,76.0586,36.2,39.2,PAH_Individual75_ref_Pacnes_C1_aligned.sorted.bam
NC_018707,1,2519002,92874,2279378,90.4873,4.583,34.2,38.9,PAH_Individual8_ref_Pacnes_C1_aligned.sorted.bam
NC_018707,1,2519002,40740,2020580,80.2135,2.26998,36.1,39.3,PAH_Individual94_ref_Pacnes_C1_aligned.sorted.bam
NC_018707,1,2519002,26398,1619041,64.2731,1.47109,33.2,39.7,PAH_Individual97_ref_Pacnes_C1_aligned.sorted.bam
NC_018707,1,2519002,34944,1830911,72.684,1.84286,36.6,41,SCC-DE-002-HS2_ref_Pacnes_C1_aligned.sorted.bam
NC_018707,1,2519002,30400,1709791,67.8757,1.3632,36.5,40.2,SCC-DE-005-HS1_ref_Pacnes_C1_aligned.sorted.bam
NC_018707,1,2519002,49812,2138339,84.8883,2.26415,36.5,40.3,SCC-DE-005-HS2_ref_Pacnes_C1_aligned.sorted.bam
NC_018707,1,2519002,470850,2483501,98.5907,21.1034,36.5,39,SCC-DE-007-HS1_ref_Pacnes_C1_aligned.sorted.bam
NC_018707,1,2519002,1371402,2486571,98.7125,61.4756,36.5,38.1,SCC-DE-007-HS2_ref_Pacnes_C1_aligned.sorted.bam
NC_018707,1,2519002,119316,2410272,95.6836,5.3764,36.5,39.8,SCC-DE-008-HS1_ref_Pacnes_C1_aligned.sorted.bam
NC_018707,1,2519002,16220,1203708,47.7851,0.728626,36.5,40.9,SCC-DE-009-HS1_ref_Pacnes_C1_aligned.sorted.bam
NC_018707,1,2519002,27250,1631794,64.7794,1.23171,36.5,41.1,SCC-DE-009-HS2_ref_Pacnes_C1_aligned.sorted.bam
NC_018707,1,2519002,801568,2505907,99.4802,36.1127,36.6,40.7,SCC-DE-010-HS2_ref_Pacnes_C1_aligned.sorted.bam
NC_018707,1,2519002,11002,916140,36.3692,0.49631,36.5,41,SCC-DE-011-HS1_ref_Pacnes_C1_aligned.sorted.bam
NC_018707,1,2519002,2384,230959,9.16867,0.107296,36.5,41,SCC-DE-011-HS2_ref_Pacnes_C1_aligned.sorted.bam
NC_018707,1,2519002,5024,462606,18.3647,0.223707,36.5,36.5,SCC-DE-012-HS2_ref_Pacnes_C1_aligned.sorted.bam
NC_018707,1,2519002,2460,236689,9.39614,0.110826,36.5,36.9,SCC-DE-014-HS2_ref_Pacnes_C1_aligned.sorted.bam
NC_018707,1,2519002,19970,1371845,54.4599,0.893321,36.5,39.6,SCC-DE-015-HS1_ref_Pacnes_C1_aligned.sorted.bam
NC_018707,1,2519002,18802,1327440,52.6971,0.847209,36.5,36.8,SCC-DE-015-HS2_ref_Pacnes_C1_aligned.sorted.bam
NC_018707,1,2519002,387424,2489022,98.8098,17.516,36.5,41.3,SCC-DE-016-HS2_ref_Pacnes_C1_aligned.sorted.bam
NC_018707,1,2519002,3012,301699,11.9769,0.135326,36.5,41.2,SCC-DE-017-HS1_ref_Pacnes_C1_aligned.sorted.bam
NC_018707,1,2519002,53834,2164569,85.9296,2.42552,36.5,40.7,SCC-DE-018-HS1_ref_Pacnes_C1_aligned.sorted.bam
NC_018707,1,2519002,32996,1785387,70.8768,1.47422,36.5,40.6,SCC-DE-018-HS2_ref_Pacnes_C1_aligned.sorted.bam
NC_018707,1,2519002,65094,2080122,82.5772,2.9992,36.6,40.8,SCC-DE-019-HS1_ref_Pacnes_C1_aligned.sorted.bam
NC_018707,1,2519002,285556,2481353,98.5054,15.8222,36.6,38.3,SCC-DE-022-HS2_ref_Pacnes_C1_aligned.sorted.bam
NC_018707,1,2519002,20648,1384808,54.9745,0.945733,36.6,40,SCC-DE-023-HS2_ref_Pacnes_C1_aligned.sorted.bam
NC_018707,1,2519002,48370,2114650,83.9479,2.21931,36.6,40.6,SCC-DE-025-HS1_ref_Pacnes_C1_aligned.sorted.bam
NC_018707,1,2519002,262438,2511499,99.7021,13.7966,36.8,40.8,SCC-DE-026-HS1_ref_Pacnes_C1_aligned.sorted.bam
NC_018707,1,2519002,91834,2292604,91.0124,4.23485,36.6,40.2,SCC-DE-026-HS2_ref_Pacnes_C1_aligned.sorted.bam
NC_018707,1,2519002,116822,2440715,96.8921,5.31972,36.5,39.8,SCC-DE-027-HS1_ref_Pacnes_C1_aligned.sorted.bam
NC_018707,1,2519002,109852,2460190,97.6653,5.04788,36.6,40.5,SCC-DE-028-HS2_ref_Pacnes_C1_aligned.sorted.bam
NC_018707,1,2519002,44806,2180606,86.5663,2.43422,36.4,41.4,SCC-DE-029-HS1_ref_Pacnes_C1_aligned.sorted.bam
NC_018707,1,2519002,492630,2482247,98.5409,27.2568,36.6,41.5,SCC-DE-033-HS2_ref_Pacnes_C1_aligned.sorted.bam
NC_018707,1,2519002,11408,1060802,42.112,0.637402,36.7,41.2,SCC-DE-035-HS1_ref_Pacnes_C1_aligned.sorted.bam
NC_018707,1,2519002,16728,1370410,54.4029,0.927547,36.6,41.2,SCC-DE-035-HS2_ref_Pacnes_C1_aligned.sorted.bam
NC_018707,1,2519002,990322,2483089,98.5743,53.9061,36.6,41.3,SCC-DE-036-HS1_ref_Pacnes_C1_aligned.sorted.bam
NC_018707,1,2519002,128106,2469347,98.0288,7.12668,36.7,41.2,SCC-DE-036-HS2_ref_Pacnes_C1_aligned.sorted.bam
NC_018707,1,2519002,384468,2484975,98.6492,21.2605,36.6,41.3,SCC-DE-039-HS1_ref_Pacnes_C1_aligned.sorted.bam
NC_018707,1,2519002,708408,2483574,98.5936,39.366,36.7,35.9,SCC-DE-042-HS1_ref_Pacnes_C1_aligned.sorted.bam
NC_018707,1,2519002,177746,2476792,98.3243,9.92169,36.7,39.1,SCC-DE-042-HS2_ref_Pacnes_C1_aligned.sorted.bam
NC_018707,1,2519002,69676,2356552,93.551,3.8542,36.6,41.4,SCC-DE-044-HS1_ref_Pacnes_C1_aligned.sorted.bam
NC_018707,1,2519002,284048,2499755,99.2359,15.8115,36.7,40.1,SCC-DE-050-HS1_ref_Pacnes_C1_aligned.sorted.bam
NC_018707,1,2519002,303330,2475978,98.292,16.1807,36.5,40,SCC-DE-052-HS1_ref_Pacnes_C1_aligned.sorted.bam
NC_018707,1,2519002,238588,2468655,98.0013,12.7749,36.5,39.4,SCC-DE-052-HS2_ref_Pacnes_C1_aligned.sorted.bam
NC_018707,1,2519002,39934,1970448,78.2234,2.13211,36.5,40.2,SCC-DE-054-HS1_ref_Pacnes_C1_aligned.sorted.bam
NC_018707,1,2519002,3086,316680,12.5716,0.164426,36.5,40.6,SCC-DE-055-HS1_ref_Pacnes_C1_aligned.sorted.bam
NC_018707,1,2519002,25372,1627158,64.5953,1.36011,36.5,41.1,SCC-DE-056-HS1_ref_Pacnes_C1_aligned.sorted.bam
NC_018707,1,2519002,377458,2484892,98.6459,20.0419,36.8,41.2,SCC-DE-064-HS1_ref_Pacnes_C1_aligned.sorted.bam
NC_018707,1,2519002,2068,212777,8.44688,0.110752,36.5,40.3,SCC-DE-064-HS2_ref_Pacnes_C1_aligned.sorted.bam
NC_018707,1,2519002,453504,2512484,99.7412,24.1962,36.8,41.4,SCC-DE-067-HS1_ref_Pacnes_C1_aligned.sorted.bam
NC_018707,1,2519002,183526,2501306,99.2975,9.81954,36.8,41.4,SCC-DE-067-HS2_ref_Pacnes_C1_aligned.sorted.bam
NC_018707,1,2519002,98372,2332201,92.5843,5.27272,36.5,37.7,SCC-DE-068-HS2_ref_Pacnes_C1_aligned.sorted.bam
NC_018707,1,2519002,563728,2498307,99.1784,30.0501,36.8,40.1,SCC-DE-070-HS1_ref_Pacnes_C1_aligned.sorted.bam
NC_018707,1,2519002,14450,1129827,44.8522,0.770093,36.5,40.4,SCC-DE-071-HS2_ref_Pacnes_C1_aligned.sorted.bam
NC_018707,1,2519002,73974,2409170,95.6399,3.90872,36.8,41.3,SCC-DE-074-HS1_ref_Pacnes_C1_aligned.sorted.bam
NC_018707,1,2519002,6198,513470,20.3839,0.324191,36.5,40.5,SCC-DE-080-HS1_ref_Pacnes_C1_aligned.sorted.bam
NC_018707,1,2519002,198086,2506088,99.4873,11.3667,36.4,40.3,V10D_ref_Pacnes_C1_aligned.sorted.bam
NC_018707,1,2519002,122754,2452423,97.3569,6.55878,36.4,38.5,V10G_ref_Pacnes_C1_aligned.sorted.bam
NC_018707,1,2519002,640422,2483568,98.5933,33.5484,36.3,40.4,V11D_ref_Pacnes_C1_aligned.sorted.bam
NC_018707,1,2519002,339254,2483521,98.5915,17.94,36.4,40.6,V11G_ref_Pacnes_C1_aligned.sorted.bam
NC_018707,1,2519002,18010214,2518854,99.9941,994.507,36.2,40,V12D_ref_Pacnes_C1_aligned.sorted.bam
NC_018707,1,2519002,17108058,2514542,99.8229,929.871,36.5,38.8,V12G_ref_Pacnes_C1_aligned.sorted.bam
NC_018707,1,2519002,15486680,2489772,98.8396,861.748,36.4,40.3,V13D_ref_Pacnes_C1_aligned.sorted.bam
NC_018707,1,2519002,5504114,2489869,98.8435,308.165,36.3,40.2,V13G_ref_Pacnes_C1_aligned.sorted.bam
NC_018707,1,2519002,6218522,2483944,98.6083,349.766,36.4,41.1,V14D_ref_Pacnes_C1_aligned.sorted.bam
NC_018707,1,2519002,5044156,2484421,98.6272,285.354,36.4,41.1,V14G_ref_Pacnes_C1_aligned.sorted.bam
NC_018707,1,2519002,814074,2491329,98.9014,45.5944,36.4,40.7,V15D_ref_Pacnes_C1_aligned.sorted.bam
NC_018707,1,2519002,162046,2479110,98.4164,8.51906,36.4,40.5,V15G_ref_Pacnes_C1_aligned.sorted.bam
NC_018707,1,2519002,23495502,2502968,99.3635,1289.15,36.4,40.5,V16D_ref_Pacnes_C1_aligned.sorted.bam
NC_018707,1,2519002,21065592,2516428,99.8978,1176.08,36.4,40.3,V16G_ref_Pacnes_C1_aligned.sorted.bam
NC_018707,1,2519002,8130298,2488549,98.7911,446.576,36.4,40.6,V18D_ref_Pacnes_C1_aligned.sorted.bam
NC_018707,1,2519002,4841290,2486804,98.7218,244.325,36.4,38.6,V18G_ref_Pacnes_C1_aligned.sorted.bam
NC_018707,1,2519002,18962362,2491400,98.9042,1068.15,36.4,36.8,V19D_ref_Pacnes_C1_aligned.sorted.bam
NC_018707,1,2519002,10936902,2491151,98.8944,585.448,36.4,37.2,V19G_ref_Pacnes_C1_aligned.sorted.bam
NC_018707,1,2519002,158912,2476647,98.3186,9.01035,36.5,40.2,V1D_ref_Pacnes_C1_aligned.sorted.bam
NC_018707,1,2519002,91820,2438102,96.7884,5.23912,36.2,38.7,V1G_ref_Pacnes_C1_aligned.sorted.bam
NC_018707,1,2519002,3070528,2491142,98.894,168.91,36.4,36.4,V20D_ref_Pacnes_C1_aligned.sorted.bam
NC_018707,1,2519002,1444972,2484479,98.6295,78.3971,36.4,36.4,V20G_ref_Pacnes_C1_aligned.sorted.bam
NC_018707,1,2519002,6266584,2497066,99.1292,315.83,36.4,40.8,V21D_ref_Pacnes_C1_aligned.sorted.bam
NC_018707,1,2519002,9267366,2504690,99.4318,498.569,36.4,40.7,V21G_ref_Pacnes_C1_aligned.sorted.bam
NC_018707,1,2519002,26838326,2517072,99.9234,1463.36,36.4,38.6,V23D_ref_Pacnes_C1_aligned.sorted.bam
NC_018707,1,2519002,17922588,2512812,99.7543,951.819,36.5,38.4,V23G_ref_Pacnes_C1_aligned.sorted.bam
NC_018707,1,2519002,393930,2492481,98.9472,20.9272,36.4,40.8,V25D_ref_Pacnes_C1_aligned.sorted.bam
NC_018707,1,2519002,117494,2460746,97.6873,6.49509,36.4,41,V25G_ref_Pacnes_C1_aligned.sorted.bam
NC_018707,1,2519002,4462878,2508679,99.5902,235.805,36.5,39.9,V26D_ref_Pacnes_C1_aligned.sorted.bam
NC_018707,1,2519002,5525402,2512410,99.7383,300.508,36.2,39.8,V26G_ref_Pacnes_C1_aligned.sorted.bam
NC_018707,1,2519002,27091904,2514996,99.841,1417.18,36.5,41,V27D_ref_Pacnes_C1_aligned.sorted.bam
NC_018707,1,2519002,11827202,2512315,99.7345,550.028,36.4,40.9,V27G_ref_Pacnes_C1_aligned.sorted.bam
NC_018707,1,2519002,1992024,2484190,98.618,108.393,36.4,40.8,V28D_ref_Pacnes_C1_aligned.sorted.bam
NC_018707,1,2519002,2052706,2486446,98.7076,114.101,36.3,40.9,V28G_ref_Pacnes_C1_aligned.sorted.bam
NC_018707,1,2519002,4216350,2489037,98.8104,232.918,36.4,37.4,V29D_ref_Pacnes_C1_aligned.sorted.bam
NC_018707,1,2519002,4422134,2492167,98.9347,237.999,36.4,37.3,V29G_ref_Pacnes_C1_aligned.sorted.bam
NC_018707,1,2519002,1590376,2493642,98.9933,91.0505,36.3,41,V2G_ref_Pacnes_C1_aligned.sorted.bam
NC_018707,1,2519002,18845536,2493011,98.9682,1050.45,36.4,38.6,V30D_ref_Pacnes_C1_aligned.sorted.bam
NC_018707,1,2519002,16171964,2494384,99.0227,900.642,36.4,37.8,V30G_ref_Pacnes_C1_aligned.sorted.bam
NC_018707,1,2519002,15612432,2518347,99.974,808.878,36.4,40.9,V31D_ref_Pacnes_C1_aligned.sorted.bam
NC_018707,1,2519002,8203374,2518163,99.9667,399.081,36.3,40.9,V31G_ref_Pacnes_C1_aligned.sorted.bam
NC_018707,1,2519002,2208206,2484823,98.6432,122.651,36.4,39.4,V32D_ref_Pacnes_C1_aligned.sorted.bam
NC_018707,1,2519002,1692924,2485410,98.6665,87.1025,36.4,39,V32G_ref_Pacnes_C1_aligned.sorted.bam
NC_018707,1,2519002,17490236,2491135,98.8937,972.16,36.5,41.1,V33D_ref_Pacnes_C1_aligned.sorted.bam
NC_018707,1,2519002,9757702,2492103,98.9322,521.118,36.5,40.9,V33G_ref_Pacnes_C1_aligned.sorted.bam
NC_018707,1,2519002,2192104,2503206,99.3729,115.182,36.4,40.8,V34D_ref_Pacnes_C1_aligned.sorted.bam
NC_018707,1,2519002,1250302,2504183,99.4117,65.5662,36.3,40.9,V34G_ref_Pacnes_C1_aligned.sorted.bam
NC_018707,1,2519002,658638,2493311,98.9801,35.6315,36.4,40,V35D_ref_Pacnes_C1_aligned.sorted.bam
NC_018707,1,2519002,640326,2491204,98.8965,34.8518,36.4,39.5,V35G_ref_Pacnes_C1_aligned.sorted.bam
NC_018707,1,2519002,637690,2490525,98.8695,33.6103,36.4,40.3,V36D_ref_Pacnes_C1_aligned.sorted.bam
NC_018707,1,2519002,285478,2486204,98.698,15.1303,36.4,40.5,V36G_ref_Pacnes_C1_aligned.sorted.bam
NC_018707,1,2519002,1233394,2512223,99.7309,67.283,36.4,41.1,V37D_ref_Pacnes_C1_aligned.sorted.bam
NC_018707,1,2519002,2039052,2508405,99.5793,109.956,36.4,41,V37G_ref_Pacnes_C1_aligned.sorted.bam
NC_018707,1,2519002,646374,2482671,98.5577,34.7331,36.4,41,V38D_ref_Pacnes_C1_aligned.sorted.bam
NC_018707,1,2519002,1220638,2485585,98.6734,68.7507,36.4,41.2,V38G_ref_Pacnes_C1_aligned.sorted.bam
NC_018707,1,2519002,1877112,2490650,98.8745,101.757,36.4,41,V3D_ref_Pacnes_C1_aligned.sorted.bam
NC_018707,1,2519002,2049894,2491898,98.924,110.838,36.4,41,V3G_ref_Pacnes_C1_aligned.sorted.bam
NC_018707,1,2519002,4569990,2518913,99.9965,256.324,36.4,40.3,V40D_ref_Pacnes_C1_aligned.sorted.bam
NC_018707,1,2519002,6724928,2518374,99.9751,362.848,36.4,40.2,V40G_ref_Pacnes_C1_aligned.sorted.bam
NC_018707,1,2519002,11088072,2490959,98.8867,622.026,36.3,38.3,V41D_ref_Pacnes_C1_aligned.sorted.bam
NC_018707,1,2519002,1806918,2487431,98.7467,94.0594,36.4,37.9,V41G_ref_Pacnes_C1_aligned.sorted.bam
NC_018707,1,2519002,186274,2478281,98.3834,9.39485,36.4,40.4,V42D_ref_Pacnes_C1_aligned.sorted.bam
NC_018707,1,2519002,132634,2460651,97.6836,6.8281,36.4,40.6,V42G_ref_Pacnes_C1_aligned.sorted.bam
NC_018707,1,2519002,4681856,2518902,99.996,246.921,36.4,40.1,V43D_ref_Pacnes_C1_aligned.sorted.bam
NC_018707,1,2519002,5391674,2518743,99.9897,284.264,36.4,40,V43G_ref_Pacnes_C1_aligned.sorted.bam
NC_018707,1,2519002,2417242,2490843,98.8821,131.208,36.4,38.5,V44D_ref_Pacnes_C1_aligned.sorted.bam
NC_018707,1,2519002,2926426,2494994,99.0469,161.137,36.4,38.9,V44G_ref_Pacnes_C1_aligned.sorted.bam
NC_018707,1,2519002,249686,2487837,98.7628,13.2864,36.4,40.9,V45D_ref_Pacnes_C1_aligned.sorted.bam
NC_018707,1,2519002,217026,2489273,98.8198,11.8753,36.4,40.8,V45G_ref_Pacnes_C1_aligned.sorted.bam
NC_018707,1,2519002,9436702,2489834,98.8421,529.277,36.3,40.9,V46D_ref_Pacnes_C1_aligned.sorted.bam
NC_018707,1,2519002,8505406,2492137,98.9335,477.076,36.1,40.9,V46G_ref_Pacnes_C1_aligned.sorted.bam
NC_018707,1,2519002,9795466,2492684,98.9552,527.947,36.5,37.8,V47D_ref_Pacnes_C1_aligned.sorted.bam
NC_018707,1,2519002,12276352,2489094,98.8127,654.981,36.4,37.6,V47G_ref_Pacnes_C1_aligned.sorted.bam
NC_018707,1,2519002,2680676,2490764,98.879,144.251,36.4,40.3,V48D_ref_Pacnes_C1_aligned.sorted.bam
NC_018707,1,2519002,8551314,2489049,98.8109,459.026,36.3,40.5,V48G_ref_Pacnes_C1_aligned.sorted.bam
NC_018707,1,2519002,775688,2485016,98.6508,43.5611,36.4,40.4,V4D_ref_Pacnes_C1_aligned.sorted.bam
NC_018707,1,2519002,1553524,2490287,98.8601,75.565,36.4,40.7,V4G_ref_Pacnes_C1_aligned.sorted.bam
NC_018707,1,2519002,27655646,2488756,98.7993,1573.19,36.3,40.1,V51D_ref_Pacnes_C1_aligned.sorted.bam
NC_018707,1,2519002,15658014,2489571,98.8316,866.173,36.4,39.8,V51G_ref_Pacnes_C1_aligned.sorted.bam
NC_018707,1,2519002,882268,2491522,98.9091,47.5294,36.3,40.6,V52D_ref_Pacnes_C1_aligned.sorted.bam
NC_018707,1,2519002,221538,2481897,98.527,11.3889,36.3,40.6,V52G_ref_Pacnes_C1_aligned.sorted.bam
NC_018707,1,2519002,694804,2490904,98.8846,37.3922,36.4,40.9,V53D_ref_Pacnes_C1_aligned.sorted.bam
NC_018707,1,2519002,695028,2490094,98.8524,37.9282,36.4,40.9,V53G_ref_Pacnes_C1_aligned.sorted.bam
NC_018707,1,2519002,7058318,2484833,98.6436,387.498,36.4,40.2,V54D_ref_Pacnes_C1_aligned.sorted.bam
NC_018707,1,2519002,6020764,2485148,98.6561,331.961,36.4,39.9,V54G_ref_Pacnes_C1_aligned.sorted.bam
NC_018707,1,2519002,2010110,2481781,98.5224,112.688,36.4,37,V55D_ref_Pacnes_C1_aligned.sorted.bam
NC_018707,1,2519002,5274772,2483570,98.5934,292.403,36.3,37,V55G_ref_Pacnes_C1_aligned.sorted.bam
NC_018707,1,2519002,3496288,2485871,98.6848,192.629,36.4,38.4,V56D_ref_Pacnes_C1_aligned.sorted.bam
NC_018707,1,2519002,7321346,2490195,98.8564,414.793,36,38.8,V56G_ref_Pacnes_C1_aligned.sorted.bam
NC_018707,1,2519002,3367986,2510084,99.646,181.945,36.4,39.4,V57D_ref_Pacnes_C1_aligned.sorted.bam
NC_018707,1,2519002,2168904,2514670,99.828,120.573,36.4,38.8,V57G_ref_Pacnes_C1_aligned.sorted.bam
NC_018707,1,2519002,2812202,2514485,99.8207,149.503,36.4,40.5,V58D_ref_Pacnes_C1_aligned.sorted.bam
NC_018707,1,2519002,3993770,2517436,99.9378,222.337,35.9,40.1,V58G_ref_Pacnes_C1_aligned.sorted.bam
NC_018707,1,2519002,1903414,2506677,99.5107,103.502,36.3,40.2,V5D_ref_Pacnes_C1_aligned.sorted.bam
NC_018707,1,2519002,12710494,2518816,99.9926,702.155,36.3,40.7,V5G_ref_Pacnes_C1_aligned.sorted.bam
NC_018707,1,2519002,450192,2489019,98.8097,24.7768,36.4,41,V7D_ref_Pacnes_C1_aligned.sorted.bam
NC_018707,1,2519002,794688,2489817,98.8414,45.3399,36.4,41,V7G_ref_Pacnes_C1_aligned.sorted.bam
NC_018707,1,2519002,717122,2486906,98.7258,38.4413,36.2,39.5,V8D_ref_Pacnes_C1_aligned.sorted.bam
NC_018707,1,2519002,520076,2480557,98.4738,27.7441,36.4,40.3,V8G_ref_Pacnes_C1_aligned.sorted.bam
NC_018707,1,2519002,422308,2484459,98.6287,22.8855,36.4,38.6,V9D_ref_Pacnes_C1_aligned.sorted.bam
NC_018707,1,2519002,164656,2475060,98.2556,8.93567,36.3,38.7,V9G_ref_Pacnes_C1_aligned.sorted.bam