,,clades,order,sys_id,type,subtype,sys_beg,sys_end,protein_in_syst,genes_count,name_of_profiles_in_sys
cacnes_clade_2,2,cacnes_clade_2,0,UserReplicon_AbiD_1,AbiD,AbiD,EIJNFPCC_02043,EIJNFPCC_02043,EIJNFPCC_02043,1,AbiD__AbiD
cacnes_clade_2,0,cacnes_clade_2,0,UserReplicon_RM_Type_III_1,RM,RM_Type_III,EIJNFPCC_02056,EIJNFPCC_02057,"EIJNFPCC_02056,EIJNFPCC_02057",2,"RM_Type_III__Type_III_MTases,RM_Type_III__Type_III_REases"
cacnes_clade_2,1,cacnes_clade_2,0,UserReplicon_Gabija_2,Gabija,Gabija,EIJNFPCC_01231,EIJNFPCC_01232,"EIJNFPCC_01231,EIJNFPCC_01232",2,"Gabija__GajB_2,Gabija__GajA"
cacnes_clade_2,3,cacnes_clade_2,0,UserReplicon_Lamassu-Fam_3,Lamassu-Fam,Lamassu-Fam,EIJNFPCC_02052,EIJNFPCC_02054,"EIJNFPCC_02052,EIJNFPCC_02053,EIJNFPCC_02054",3,"Lamassu-Fam__LmuA_effector_hypothetical,Lamassu-Fam__LmuC_acc_hypothetical,Lamassu-Fam__LmuB_SMC_hypothetical"
cacnes_clade_52,1,cacnes_clade_52,1,UserReplicon_RM_Type_III_1,RM,RM_Type_III,LGGIHJPE_00463,LGGIHJPE_00464,"LGGIHJPE_00463,LGGIHJPE_00464",2,"RM_Type_III__Type_III_REases,RM_Type_III__Type_III_MTases"
cacnes_clade_52,0,cacnes_clade_52,1,UserReplicon_CAS_Class1-Subtype-I-E_1,Cas,CAS_Class1-Subtype-I-E,LGGIHJPE_02772,LGGIHJPE_02773,"LGGIHJPE_02772,LGGIHJPE_02773",2,"Cas__cas7_I-E_16,Cas__cas5_I-E_13"
cacnes_clade_52,3,cacnes_clade_52,1,UserReplicon_AbiD_1,AbiD,AbiD,LGGIHJPE_00477,LGGIHJPE_00477,LGGIHJPE_00477,1,AbiD__AbiD
cacnes_clade_52,2,cacnes_clade_52,1,UserReplicon_Lamassu-Fam_2,Lamassu-Fam,Lamassu-Fam,LGGIHJPE_00466,LGGIHJPE_00468,"LGGIHJPE_00466,LGGIHJPE_00467,LGGIHJPE_00468",3,"Lamassu-Fam__LmuB_SMC_hypothetical,Lamassu-Fam__LmuC_acc_hypothetical,Lamassu-Fam__LmuA_effector_hypothetical"
cacnes_clade_49,3,cacnes_clade_49,2,UserReplicon_Lamassu-Fam_2,Lamassu-Fam,Lamassu-Fam,AEMPBOCI_01028,AEMPBOCI_01030,"AEMPBOCI_01028,AEMPBOCI_01029,AEMPBOCI_01030",3,"Lamassu-Fam__LmuB_SMC_hypothetical,Lamassu-Fam__LmuC_acc_hypothetical,Lamassu-Fam__LmuA_effector_hypothetical"
cacnes_clade_49,2,cacnes_clade_49,2,UserReplicon_RM_Type_I_1,RM,RM_Type_I,AEMPBOCI_03463,AEMPBOCI_03466,"AEMPBOCI_03463,AEMPBOCI_03465,AEMPBOCI_03466",3,"RM__Type_I_S,RM__Type_I_MTases,RM__Type_I_REases"
cacnes_clade_49,1,cacnes_clade_49,2,UserReplicon_RM_Type_III_2,RM,RM_Type_III,AEMPBOCI_01025,AEMPBOCI_01026,"AEMPBOCI_01025,AEMPBOCI_01026",2,"RM_Type_III__Type_III_REases,RM_Type_III__Type_III_MTases"
cacnes_clade_49,0,cacnes_clade_49,2,UserReplicon_CAS_Class1-Subtype-I-E_1,Cas,CAS_Class1-Subtype-I-E,AEMPBOCI_04629,AEMPBOCI_04632,"AEMPBOCI_04629,AEMPBOCI_04630,AEMPBOCI_04631,AEMPBOCI_04632",4,"Cas__cas6e_I_II_III_IV_V_VI_3,Cas__cas5_I-E_13,Cas__cas7_I-E_16,Cas__cse2gr11_I-E_6"
cacnes_clade_49,4,cacnes_clade_49,2,UserReplicon_AbiD_1,AbiD,AbiD,AEMPBOCI_01039,AEMPBOCI_01039,AEMPBOCI_01039,1,AbiD__AbiD
cacnes_clade_79,0,cacnes_clade_79,3,UserReplicon_CAS_Class1-Subtype-I-E_1,Cas,CAS_Class1-Subtype-I-E,HMNCCEFD_02018,HMNCCEFD_02024,"HMNCCEFD_02018,HMNCCEFD_02019,HMNCCEFD_02020,HMNCCEFD_02021,HMNCCEFD_02022,HMNCCEFD_02023,HMNCCEFD_02024",7,"Cas__cas3_I_2,Cas__cas8e_I-E_5,Cas__cse2gr11_I-E_6,Cas__cas7_I-E_16,Cas__cas5_I-E_13,Cas__cas6e_I_II_III_IV_V_VI_3,Cas__cas1_I-E_1"
cacnes_clade_67,2,cacnes_clade_67,4,UserReplicon_RM_Type_IIG_2,RM,RM_Type_IIG,NBIFBBNM_03223,NBIFBBNM_03223,NBIFBBNM_03223,1,RM_Type_IIG__Type_IIG
cacnes_clade_67,3,cacnes_clade_67,4,UserReplicon_PD-Lambda-1_1,PD-Lambda-1,PD-Lambda-1,NBIFBBNM_05581,NBIFBBNM_05581,NBIFBBNM_05581,1,PD-Lambda-1__PD-Lambda-1
cacnes_clade_67,4,cacnes_clade_67,4,UserReplicon_PsyrTA_2,PsyrTA,PsyrTA,NBIFBBNM_06507,NBIFBBNM_06512,"NBIFBBNM_06507,NBIFBBNM_06512",2,"PsyrTA__PsyrA,PsyrTA__PsyrT"
cacnes_clade_67,0,cacnes_clade_67,4,UserReplicon_CAS_Class1-Subtype-I-E_1,Cas,CAS_Class1-Subtype-I-E,NBIFBBNM_01622,NBIFBBNM_01628,"NBIFBBNM_01622,NBIFBBNM_01623,NBIFBBNM_01624,NBIFBBNM_01625,NBIFBBNM_01626,NBIFBBNM_01627,NBIFBBNM_01628",7,"Cas__cas3_I_2,Cas__cas8e_I-E_5,Cas__cse2gr11_I-E_6,Cas__cas7_I-E_16,Cas__cas5_I-E_13,Cas__cas6e_I_II_III_IV_V_VI_3,Cas__cas1_I-E_1"
cacnes_clade_67,1,cacnes_clade_67,4,UserReplicon_RM_Type_I_1,RM,RM_Type_I,NBIFBBNM_02160,NBIFBBNM_02163,"NBIFBBNM_02160,NBIFBBNM_02161,NBIFBBNM_02163",3,"RM__Type_I_REases,RM__Type_I_MTases,RM__Type_I_S"
cacnes_clade_57,0,cacnes_clade_57,5,UserReplicon_CAS_Class1-Subtype-I-E_1,Cas,CAS_Class1-Subtype-I-E,CNLFNFLD_01407,CNLFNFLD_01413,"CNLFNFLD_01407,CNLFNFLD_01408,CNLFNFLD_01409,CNLFNFLD_01410,CNLFNFLD_01411,CNLFNFLD_01412,CNLFNFLD_01413",7,"Cas__cas3_I_2,Cas__cas8e_I-E_5,Cas__cse2gr11_I-E_6,Cas__cas7_I-E_16,Cas__cas5_I-E_13,Cas__cas6e_I_II_III_IV_V_VI_3,Cas__cas1_I-E_1"
cacnes_clade_81,0,cacnes_clade_81,6,UserReplicon_CAS_Class1-Subtype-I-E_1,Cas,CAS_Class1-Subtype-I-E,GMOMENJN_02253,GMOMENJN_02255,"GMOMENJN_02253,GMOMENJN_02254,GMOMENJN_02255",3,"Cas__cas3_I_2,Cas__cas8e_I-E_5,Cas__cse2gr11_I-E_6"
cacnes_clade_81,1,cacnes_clade_81,6,UserReplicon_CAS_Class1-Subtype-I-E_2,Cas,CAS_Class1-Subtype-I-E,GMOMENJN_02420,GMOMENJN_02422,"GMOMENJN_02420,GMOMENJN_02421,GMOMENJN_02422",3,"Cas__cas5_I-E_13,Cas__cas6e_I_II_III_IV_V_VI_3,Cas__cas1_I-E_1"
cacnes_clade_38,0,cacnes_clade_38,7,UserReplicon_CAS_Class1-Subtype-I-E_1,Cas,CAS_Class1-Subtype-I-E,IPLNGHJB_01509,IPLNGHJB_01515,"IPLNGHJB_01509,IPLNGHJB_01510,IPLNGHJB_01511,IPLNGHJB_01512,IPLNGHJB_01513,IPLNGHJB_01514,IPLNGHJB_01515",7,"Cas__cas3_I_2,Cas__cas8e_I-E_5,Cas__cse2gr11_I-E_6,Cas__cas7_I-E_16,Cas__cas5_I-E_13,Cas__cas6e_I_II_III_IV_V_VI_3,Cas__cas1_I-E_1"
cacnes_clade_70,3,cacnes_clade_70,8,UserReplicon_AbiQ_1,AbiQ,AbiQ,JAGIOCLL_05658,JAGIOCLL_05658,JAGIOCLL_05658,1,AbiQ__AbiQ
cacnes_clade_70,2,cacnes_clade_70,8,UserReplicon_RloC_2,RloC,RloC,JAGIOCLL_04818,JAGIOCLL_04818,JAGIOCLL_04818,1,RloC__RloC
cacnes_clade_70,0,cacnes_clade_70,8,UserReplicon_CAS_Class1-Subtype-I-E_1,Cas,CAS_Class1-Subtype-I-E,JAGIOCLL_00671,JAGIOCLL_00678,"JAGIOCLL_00671,JAGIOCLL_00672,JAGIOCLL_00673,JAGIOCLL_00674,JAGIOCLL_00675,JAGIOCLL_00676,JAGIOCLL_00677,JAGIOCLL_00678",8,"Cas__cas2_I-E_1,Cas__cas1_I-E_1,Cas__cas6e_I_II_III_IV_V_VI_3,Cas__cas5_I-E_13,Cas__cas7_I-E_16,Cas__cse2gr11_I-E_6,Cas__cas8e_I-E_5,Cas__cas3_I_2"
cacnes_clade_70,1,cacnes_clade_70,8,UserReplicon_RM_Type_IIG_1,RM,RM_Type_IIG,JAGIOCLL_02364,JAGIOCLL_02364,JAGIOCLL_02364,1,RM_Type_IIG__Type_IIG
cacnes_clade_5,0,cacnes_clade_5,9,UserReplicon_CAS_Class1-Subtype-I-E_1,Cas,CAS_Class1-Subtype-I-E,NBEABMBP_00774,NBEABMBP_00781,"NBEABMBP_00774,NBEABMBP_00775,NBEABMBP_00776,NBEABMBP_00777,NBEABMBP_00778,NBEABMBP_00779,NBEABMBP_00780,NBEABMBP_00781",8,"Cas__cas2_I-E_1,Cas__cas1_I-E_1,Cas__cas6e_I_II_III_IV_V_VI_3,Cas__cas5_I-E_13,Cas__cas7_I-E_16,Cas__cse2gr11_I-E_6,Cas__cas8e_I-E_5,Cas__cas3_I_2"
cacnes_clade_5,3,cacnes_clade_5,9,UserReplicon_Lamassu-Fam_2,Lamassu-Fam,Lamassu-Fam,NBEABMBP_02345,NBEABMBP_02347,"NBEABMBP_02345,NBEABMBP_02346,NBEABMBP_02347",3,"Lamassu-Fam__LmuA_effector_hypothetical,Lamassu-Fam__LmuC_acc_hypothetical,Lamassu-Fam__LmuB_SMC_hypothetical"
cacnes_clade_5,1,cacnes_clade_5,9,UserReplicon_RM_Type_III_1,RM,RM_Type_III,NBEABMBP_02349,NBEABMBP_02350,"NBEABMBP_02349,NBEABMBP_02350",2,"RM_Type_III__Type_III_MTases,RM_Type_III__Type_III_REases"
cacnes_clade_5,2,cacnes_clade_5,9,UserReplicon_AbiD_1,AbiD,AbiD,NBEABMBP_02336,NBEABMBP_02336,NBEABMBP_02336,1,AbiD__AbiD
cacnes_clade_3,0,cacnes_clade_3,10,UserReplicon_CAS_Class1-Subtype-I-E_1,Cas,CAS_Class1-Subtype-I-E,PDLAKMHA_01691,PDLAKMHA_01697,"PDLAKMHA_01691,PDLAKMHA_01692,PDLAKMHA_01693,PDLAKMHA_01694,PDLAKMHA_01695,PDLAKMHA_01696,PDLAKMHA_01697",7,"Cas__cas3_I_2,Cas__cas8e_I-E_5,Cas__cse2gr11_I-E_6,Cas__cas7_I-E_16,Cas__cas5_I-E_13,Cas__cas6e_I_II_III_IV_V_VI_3,Cas__cas1_I-E_1"
cacnes_clade_82,0,cacnes_clade_82,11,UserReplicon_CAS_Class1-Subtype-I-E_1,Cas,CAS_Class1-Subtype-I-E,LGHEMMMH_00180,LGHEMMMH_00187,"LGHEMMMH_00180,LGHEMMMH_00181,LGHEMMMH_00182,LGHEMMMH_00183,LGHEMMMH_00184,LGHEMMMH_00185,LGHEMMMH_00186,LGHEMMMH_00187",8,"Cas__cas3_I_2,Cas__cas8e_I-E_5,Cas__cse2gr11_I-E_6,Cas__cas7_I-E_16,Cas__cas5_I-E_13,Cas__cas6e_I_II_III_IV_V_VI_3,Cas__cas1_I-E_1,Cas__cas2_I-E_1"
cacnes_clade_64,1,cacnes_clade_64,12,UserReplicon_Lamassu-Fam_3,Lamassu-Fam,Lamassu-Fam,LCDOPKIK_01325,LCDOPKIK_01327,"LCDOPKIK_01325,LCDOPKIK_01326,LCDOPKIK_01327",3,"Lamassu-Fam__LmuB_SMC_hypothetical,Lamassu-Fam__LmuC_acc_hypothetical,Lamassu-Fam__LmuA_effector_hypothetical"
cacnes_clade_64,0,cacnes_clade_64,12,UserReplicon_RM_Type_III_1,RM,RM_Type_III,LCDOPKIK_01322,LCDOPKIK_01323,"LCDOPKIK_01322,LCDOPKIK_01323",2,"RM_Type_III__Type_III_REases,RM_Type_III__Type_III_MTases"
cacnes_clade_64,3,cacnes_clade_64,12,UserReplicon_Gabija_2,Gabija,Gabija,LCDOPKIK_01621,LCDOPKIK_01622,"LCDOPKIK_01621,LCDOPKIK_01622",2,"Gabija__GajA,Gabija__GajB_2"
cacnes_clade_64,2,cacnes_clade_64,12,UserReplicon_AbiD_1,AbiD,AbiD,LCDOPKIK_01336,LCDOPKIK_01336,LCDOPKIK_01336,1,AbiD__AbiD
cacnes_clade_10,1,cacnes_clade_10,13,UserReplicon_Lamassu-Fam_3,Lamassu-Fam,Lamassu-Fam,IPDLFINK_02194,IPDLFINK_02196,"IPDLFINK_02194,IPDLFINK_02195,IPDLFINK_02196",3,"Lamassu-Fam__LmuA_effector_hypothetical,Lamassu-Fam__LmuC_acc_hypothetical,Lamassu-Fam__LmuB_SMC_hypothetical"
cacnes_clade_10,0,cacnes_clade_10,13,UserReplicon_Gabija_2,Gabija,Gabija,IPDLFINK_01643,IPDLFINK_01644,"IPDLFINK_01643,IPDLFINK_01644",2,"Gabija__GajB_2,Gabija__GajA"
cacnes_clade_10,2,cacnes_clade_10,13,UserReplicon_AbiD_1,AbiD,AbiD,IPDLFINK_02503,IPDLFINK_02503,IPDLFINK_02503,1,AbiD__AbiD
cacnes_clade_25,2,cacnes_clade_25,14,UserReplicon_Lamassu-Fam_3,Lamassu-Fam,Lamassu-Fam,FFIMEPJB_00653,FFIMEPJB_00655,"FFIMEPJB_00653,FFIMEPJB_00654,FFIMEPJB_00655",3,"Lamassu-Fam__LmuA_effector_hypothetical,Lamassu-Fam__LmuC_acc_hypothetical,Lamassu-Fam__LmuB_SMC_hypothetical"
cacnes_clade_25,0,cacnes_clade_25,14,UserReplicon_RM_Type_III_1,RM,RM_Type_III,FFIMEPJB_00657,FFIMEPJB_00658,"FFIMEPJB_00657,FFIMEPJB_00658",2,"RM_Type_III__Type_III_MTases,RM_Type_III__Type_III_REases"
cacnes_clade_25,1,cacnes_clade_25,14,UserReplicon_AbiD_1,AbiD,AbiD,FFIMEPJB_00644,FFIMEPJB_00644,FFIMEPJB_00644,1,AbiD__AbiD
cacnes_clade_25,3,cacnes_clade_25,14,UserReplicon_Gabija_2,Gabija,Gabija,FFIMEPJB_02178,FFIMEPJB_02179,"FFIMEPJB_02178,FFIMEPJB_02179",2,"Gabija__GajA,Gabija__GajB_2"
cacnes_clade_60,3,cacnes_clade_60,15,UserReplicon_RM_Type_II_2,RM,RM_Type_II,IJKDAEIJ_00035,IJKDAEIJ_00038,"IJKDAEIJ_00035,IJKDAEIJ_00036,IJKDAEIJ_00038",3,"RM_Type_II__Type_II_REases,RM_Type_II__Type_II_MTases,RM_Type_II__Type_II_MTases"
cacnes_clade_60,4,cacnes_clade_60,15,UserReplicon_RM_Type_I_1,RM,RM_Type_I,IJKDAEIJ_00449,IJKDAEIJ_00454,"IJKDAEIJ_00449,IJKDAEIJ_00452,IJKDAEIJ_00454",3,"RM__Type_I_REases,RM__Type_I_S,RM__Type_I_MTases"
cacnes_clade_60,5,cacnes_clade_60,15,UserReplicon_RM_Type_III_3,RM,RM_Type_III,IJKDAEIJ_02028,IJKDAEIJ_02029,"IJKDAEIJ_02028,IJKDAEIJ_02029",2,"RM_Type_III__Type_III_REases,RM_Type_III__Type_III_MTases"
cacnes_clade_60,6,cacnes_clade_60,15,UserReplicon_AbiH_2,AbiH,AbiH,IJKDAEIJ_00450,IJKDAEIJ_00450,IJKDAEIJ_00450,1,AbiH__AbiH
cacnes_clade_60,0,cacnes_clade_60,15,UserReplicon_CAS_Class2-Subtype-II-A_4,Cas,CAS_Class2-Subtype-II-A,IJKDAEIJ_00053,IJKDAEIJ_00056,"IJKDAEIJ_00053,IJKDAEIJ_00054,IJKDAEIJ_00055,IJKDAEIJ_00056",4,"Cas__csn2_II-A_4,Cas__cas2_I_II_III_IV_V_VI_6,Cas__cas1_I_II_III_IV_V_VI_5,Cas__cas9_II-A_1"
cacnes_clade_60,7,cacnes_clade_60,15,UserReplicon_AbiZ_3,AbiZ,AbiZ,IJKDAEIJ_01814,IJKDAEIJ_01814,IJKDAEIJ_01814,1,AbiZ__AbiZ
cacnes_clade_60,8,cacnes_clade_60,15,UserReplicon_Lamassu-Fam_5,Lamassu-Fam,Lamassu-Fam,IJKDAEIJ_02031,IJKDAEIJ_02033,"IJKDAEIJ_02031,IJKDAEIJ_02032,IJKDAEIJ_02033",3,"Lamassu-Fam__LmuB_SMC_hypothetical,Lamassu-Fam__LmuC_acc_hypothetical,Lamassu-Fam__LmuA_effector_hypothetical"
cacnes_clade_60,9,cacnes_clade_60,15,UserReplicon_Gabija_4,Gabija,Gabija,IJKDAEIJ_02226,IJKDAEIJ_02227,"IJKDAEIJ_02226,IJKDAEIJ_02227",2,"Gabija__GajB_2,Gabija__GajA"
cacnes_clade_60,10,cacnes_clade_60,15,UserReplicon_AbiD_1,AbiD,AbiD,IJKDAEIJ_02302,IJKDAEIJ_02302,IJKDAEIJ_02302,1,AbiD__AbiD
cacnes_clade_60,1,cacnes_clade_60,15,UserReplicon_CAS_Class1-Subtype-I-E_1,Cas,CAS_Class1-Subtype-I-E,IJKDAEIJ_02345,IJKDAEIJ_02350,"IJKDAEIJ_02345,IJKDAEIJ_02346,IJKDAEIJ_02347,IJKDAEIJ_02348,IJKDAEIJ_02349,IJKDAEIJ_02350",6,"Cas__cas3_I_2,Cas__cas8e_I-E_5,Cas__cse2gr11_I-E_6,Cas__cas7_I-E_16,Cas__cas5_I-E_13,Cas__cas6e_I_II_III_IV_V_VI_3"
cacnes_clade_60,2,cacnes_clade_60,15,UserReplicon_CAS_Class1-Subtype-I-E_2,Cas,CAS_Class1-Subtype-I-E,IJKDAEIJ_05306,IJKDAEIJ_05307,"IJKDAEIJ_05306,IJKDAEIJ_05307",2,"Cas__cas1_I-E_1,Cas__cas2_I-E_1"
cacnes_clade_87,0,cacnes_clade_87,16,UserReplicon_RM_Type_III_1,RM,RM_Type_III,HOMNBDLG_00819,HOMNBDLG_00820,"HOMNBDLG_00819,HOMNBDLG_00820",2,"RM_Type_III__Type_III_MTases,RM_Type_III__Type_III_REases"
cacnes_clade_87,3,cacnes_clade_87,16,UserReplicon_Gabija_2,Gabija,Gabija,HOMNBDLG_01032,HOMNBDLG_01033,"HOMNBDLG_01032,HOMNBDLG_01033",2,"Gabija__GajA,Gabija__GajB_2"
cacnes_clade_87,2,cacnes_clade_87,16,UserReplicon_Lamassu-Fam_3,Lamassu-Fam,Lamassu-Fam,HOMNBDLG_00815,HOMNBDLG_00817,"HOMNBDLG_00815,HOMNBDLG_00816,HOMNBDLG_00817",3,"Lamassu-Fam__LmuA_effector_hypothetical,Lamassu-Fam__LmuC_acc_hypothetical,Lamassu-Fam__LmuB_SMC_hypothetical"
cacnes_clade_87,1,cacnes_clade_87,16,UserReplicon_AbiD_1,AbiD,AbiD,HOMNBDLG_00806,HOMNBDLG_00806,HOMNBDLG_00806,1,AbiD__AbiD
cacnes_clade_63,0,cacnes_clade_63,17,UserReplicon_CAS_Class1-Subtype-I-E_1,Cas,CAS_Class1-Subtype-I-E,MLCDAADL_02319,MLCDAADL_02326,"MLCDAADL_02319,MLCDAADL_02320,MLCDAADL_02321,MLCDAADL_02322,MLCDAADL_02323,MLCDAADL_02324,MLCDAADL_02325,MLCDAADL_02326",8,"Cas__cas2_I-E_1,Cas__cas1_I-E_1,Cas__cas6e_I_II_III_IV_V_VI_3,Cas__cas5_I-E_13,Cas__cas7_I-E_16,Cas__cse2gr11_I-E_6,Cas__cas8e_I-E_5,Cas__cas3_I_2"
cacnes_clade_63,1,cacnes_clade_63,17,UserReplicon_AbiD_2,AbiD,AbiD,MLCDAADL_02570,MLCDAADL_02570,MLCDAADL_02570,1,AbiD__AbiD
cacnes_clade_63,2,cacnes_clade_63,17,UserReplicon_Abi2_1,Abi2,Abi2,MLCDAADL_02824,MLCDAADL_02824,MLCDAADL_02824,1,Abi2__Abi_2
cacnes_clade_8,2,cacnes_clade_8,18,UserReplicon_AbiD_2,AbiD,AbiD,LEGBOHOE_01340,LEGBOHOE_01340,LEGBOHOE_01340,1,AbiD__AbiD
cacnes_clade_8,3,cacnes_clade_8,18,UserReplicon_Gabija_4,Gabija,Gabija,LEGBOHOE_02690,LEGBOHOE_02691,"LEGBOHOE_02690,LEGBOHOE_02691",2,"Gabija__GajB_2,Gabija__GajA"
cacnes_clade_8,0,cacnes_clade_8,18,UserReplicon_CAS_Class1-Subtype-I-E_1,Cas,CAS_Class1-Subtype-I-E,LEGBOHOE_03631,LEGBOHOE_03635,"LEGBOHOE_03631,LEGBOHOE_03632,LEGBOHOE_03633,LEGBOHOE_03634,LEGBOHOE_03635",5,"Cas__cas8e_I-E_5,Cas__cse2gr11_I-E_6,Cas__cas7_I-E_16,Cas__cas5_I-E_13,Cas__cas6e_I_II_III_IV_V_VI_3"
cacnes_clade_8,4,cacnes_clade_8,18,UserReplicon_Abi2_1,Abi2,Abi2,LEGBOHOE_02958,LEGBOHOE_02958,LEGBOHOE_02958,1,Abi2__Abi_2
cacnes_clade_8,5,cacnes_clade_8,18,UserReplicon_AbiQ_3,AbiQ,AbiQ,LEGBOHOE_03181,LEGBOHOE_03181,LEGBOHOE_03181,1,AbiQ__AbiQ
cacnes_clade_8,1,cacnes_clade_8,18,UserReplicon_Lamassu-Fam_5,Lamassu-Fam,Lamassu-Fam,LEGBOHOE_01329,LEGBOHOE_01331,"LEGBOHOE_01329,LEGBOHOE_01330,LEGBOHOE_01331",3,"Lamassu-Fam__LmuB_SMC_hypothetical,Lamassu-Fam__LmuC_acc_hypothetical,Lamassu-Fam__LmuA_effector_hypothetical"
cacnes_clade_15,3,cacnes_clade_15,19,UserReplicon_Gabija_2,Gabija,Gabija,CBENNEJC_01839,CBENNEJC_01840,"CBENNEJC_01839,CBENNEJC_01840",2,"Gabija__GajA,Gabija__GajB_2"
cacnes_clade_15,1,cacnes_clade_15,19,UserReplicon_Lamassu-Fam_3,Lamassu-Fam,Lamassu-Fam,CBENNEJC_00432,CBENNEJC_00434,"CBENNEJC_00432,CBENNEJC_00433,CBENNEJC_00434",3,"Lamassu-Fam__LmuB_SMC_hypothetical,Lamassu-Fam__LmuC_acc_hypothetical,Lamassu-Fam__LmuA_effector_hypothetical"
cacnes_clade_15,0,cacnes_clade_15,19,UserReplicon_RM_Type_III_1,RM,RM_Type_III,CBENNEJC_00429,CBENNEJC_00430,"CBENNEJC_00429,CBENNEJC_00430",2,"RM_Type_III__Type_III_REases,RM_Type_III__Type_III_MTases"
cacnes_clade_15,2,cacnes_clade_15,19,UserReplicon_AbiD_1,AbiD,AbiD,CBENNEJC_00443,CBENNEJC_00443,CBENNEJC_00443,1,AbiD__AbiD
cacnes_clade_33,0,cacnes_clade_33,20,UserReplicon_CAS_Class1-Subtype-I-E_1,Cas,CAS_Class1-Subtype-I-E,NJPMKKKO_02112,NJPMKKKO_02118,"NJPMKKKO_02112,NJPMKKKO_02113,NJPMKKKO_02114,NJPMKKKO_02115,NJPMKKKO_02116,NJPMKKKO_02117,NJPMKKKO_02118",7,"Cas__cas3_I_2,Cas__cas8e_I-E_5,Cas__cse2gr11_I-E_6,Cas__cas7_I-E_16,Cas__cas5_I-E_13,Cas__cas6e_I_II_III_IV_V_VI_3,Cas__cas1_I-E_1"
cacnes_clade_92,0,cacnes_clade_92,21,UserReplicon_CAS_Class1-Subtype-I-E_1,Cas,CAS_Class1-Subtype-I-E,OIEFGEGB_01250,OIEFGEGB_01257,"OIEFGEGB_01250,OIEFGEGB_01251,OIEFGEGB_01252,OIEFGEGB_01253,OIEFGEGB_01254,OIEFGEGB_01255,OIEFGEGB_01256,OIEFGEGB_01257",8,"Cas__cas2_I-E_1,Cas__cas1_I-E_1,Cas__cas6e_I_II_III_IV_V_VI_3,Cas__cas5_I-E_13,Cas__cas7_I-E_16,Cas__cse2gr11_I-E_6,Cas__cas8e_I-E_5,Cas__cas3_I_2"
cacnes_clade_31,1,cacnes_clade_31,22,UserReplicon_CAS_Class1-Subtype-I-E_2,Cas,CAS_Class1-Subtype-I-E,JKHDEIEN_01103,JKHDEIEN_01106,"JKHDEIEN_01103,JKHDEIEN_01104,JKHDEIEN_01105,JKHDEIEN_01106",4,"Cas__cas7_I-E_16,Cas__cas5_I-E_13,Cas__cas6e_I_II_III_IV_V_VI_3,Cas__cas1_I-E_1"
cacnes_clade_31,0,cacnes_clade_31,22,UserReplicon_CAS_Class1-Subtype-I-E_1,Cas,CAS_Class1-Subtype-I-E,JKHDEIEN_00816,JKHDEIEN_00818,"JKHDEIEN_00816,JKHDEIEN_00817,JKHDEIEN_00818",3,"Cas__cas3_I_2,Cas__cas8e_I-E_5,Cas__cse2gr11_I-E_6"
cacnes_clade_4,0,cacnes_clade_4,23,UserReplicon_CAS_Class1-Subtype-I-E_1,Cas,CAS_Class1-Subtype-I-E,ABEHBIMK_00176,ABEHBIMK_00183,"ABEHBIMK_00176,ABEHBIMK_00177,ABEHBIMK_00178,ABEHBIMK_00179,ABEHBIMK_00180,ABEHBIMK_00181,ABEHBIMK_00182,ABEHBIMK_00183",8,"Cas__cas3_I_2,Cas__cas8e_I-E_5,Cas__cse2gr11_I-E_6,Cas__cas7_I-E_16,Cas__cas5_I-E_13,Cas__cas6e_I_II_III_IV_V_VI_3,Cas__cas1_I-E_1,Cas__cas2_I-E_1"
cacnes_clade_62,0,cacnes_clade_62,24,UserReplicon_CAS_Class1-Subtype-I-E_1,Cas,CAS_Class1-Subtype-I-E,GAMPHCHA_00175,GAMPHCHA_00182,"GAMPHCHA_00175,GAMPHCHA_00176,GAMPHCHA_00177,GAMPHCHA_00178,GAMPHCHA_00179,GAMPHCHA_00180,GAMPHCHA_00181,GAMPHCHA_00182",8,"Cas__cas3_I_2,Cas__cas8e_I-E_5,Cas__cse2gr11_I-E_6,Cas__cas7_I-E_16,Cas__cas5_I-E_13,Cas__cas6e_I_II_III_IV_V_VI_3,Cas__cas1_I-E_1,Cas__cas2_I-E_1"
cacnes_clade_35,0,cacnes_clade_35,25,UserReplicon_CAS_Class1-Subtype-I-E_1,Cas,CAS_Class1-Subtype-I-E,GGFGLGOB_00805,GGFGLGOB_00811,"GGFGLGOB_00805,GGFGLGOB_00806,GGFGLGOB_00807,GGFGLGOB_00808,GGFGLGOB_00809,GGFGLGOB_00810,GGFGLGOB_00811",7,"Cas__cas3_I_2,Cas__cas8e_I-E_5,Cas__cse2gr11_I-E_6,Cas__cas7_I-E_16,Cas__cas5_I-E_13,Cas__cas6e_I_II_III_IV_V_VI_3,Cas__cas1_I-E_1"
cacnes_clade_9,0,cacnes_clade_9,26,UserReplicon_CAS_Class1-Subtype-I-E_1,Cas,CAS_Class1-Subtype-I-E,BGDBPKEO_00818,BGDBPKEO_00824,"BGDBPKEO_00818,BGDBPKEO_00819,BGDBPKEO_00820,BGDBPKEO_00821,BGDBPKEO_00822,BGDBPKEO_00823,BGDBPKEO_00824",7,"Cas__cas3_I_2,Cas__cas8e_I-E_5,Cas__cse2gr11_I-E_6,Cas__cas7_I-E_16,Cas__cas5_I-E_13,Cas__cas6e_I_II_III_IV_V_VI_3,Cas__cas1_I-E_1"
cacnes_clade_26,3,cacnes_clade_26,27,UserReplicon_Gabija_2,Gabija,Gabija,GCKPHEMH_02444,GCKPHEMH_02445,"GCKPHEMH_02444,GCKPHEMH_02445",2,"Gabija__GajB_2,Gabija__GajA"
cacnes_clade_26,2,cacnes_clade_26,27,UserReplicon_Lamassu-Fam_3,Lamassu-Fam,Lamassu-Fam,GCKPHEMH_01838,GCKPHEMH_01840,"GCKPHEMH_01838,GCKPHEMH_01839,GCKPHEMH_01840",3,"Lamassu-Fam__LmuB_SMC_hypothetical,Lamassu-Fam__LmuC_acc_hypothetical,Lamassu-Fam__LmuA_effector_hypothetical"
cacnes_clade_26,1,cacnes_clade_26,27,UserReplicon_AbiD_1,AbiD,AbiD,GCKPHEMH_00012,GCKPHEMH_00012,GCKPHEMH_00012,1,AbiD__AbiD
cacnes_clade_26,0,cacnes_clade_26,27,UserReplicon_RM_Type_III_1,RM,RM_Type_III,GCKPHEMH_01835,GCKPHEMH_01836,"GCKPHEMH_01835,GCKPHEMH_01836",2,"RM_Type_III__Type_III_REases,RM_Type_III__Type_III_MTases"
cacnes_clade_54,0,cacnes_clade_54,28,UserReplicon_CAS_Class1-Subtype-I-E_1,Cas,CAS_Class1-Subtype-I-E,DPIFJKNO_02660,DPIFJKNO_02661,"DPIFJKNO_02660,DPIFJKNO_02661",2,"Cas__cas7_I-E_16,Cas__cas5_I-E_13"
cacnes_clade_54,1,cacnes_clade_54,28,UserReplicon_RM_Type_III_1,RM,RM_Type_III,DPIFJKNO_00626,DPIFJKNO_00627,"DPIFJKNO_00626,DPIFJKNO_00627",2,"RM_Type_III__Type_III_MTases,RM_Type_III__Type_III_REases"
cacnes_clade_54,2,cacnes_clade_54,28,UserReplicon_AbiD_1,AbiD,AbiD,DPIFJKNO_00613,DPIFJKNO_00613,DPIFJKNO_00613,1,AbiD__AbiD
cacnes_clade_54,3,cacnes_clade_54,28,UserReplicon_Lamassu-Fam_2,Lamassu-Fam,Lamassu-Fam,DPIFJKNO_00622,DPIFJKNO_00624,"DPIFJKNO_00622,DPIFJKNO_00623,DPIFJKNO_00624",3,"Lamassu-Fam__LmuA_effector_hypothetical,Lamassu-Fam__LmuC_acc_hypothetical,Lamassu-Fam__LmuB_SMC_hypothetical"
cacnes_clade_46,3,cacnes_clade_46,29,UserReplicon_Lamassu-Fam_2,Lamassu-Fam,Lamassu-Fam,IICLCNME_00485,IICLCNME_00487,"IICLCNME_00485,IICLCNME_00486,IICLCNME_00487",3,"Lamassu-Fam__LmuA_effector_hypothetical,Lamassu-Fam__LmuC_acc_hypothetical,Lamassu-Fam__LmuB_SMC_hypothetical"
cacnes_clade_46,0,cacnes_clade_46,29,UserReplicon_CAS_Class1-Subtype-I-E_1,Cas,CAS_Class1-Subtype-I-E,IICLCNME_02710,IICLCNME_02714,"IICLCNME_02710,IICLCNME_02711,IICLCNME_02712,IICLCNME_02714",4,"Cas__cas7_I-E_16,Cas__cas5_I-E_13,Cas__cas6e_I_II_III_IV_V_VI_3,Cas__cse2gr11_I-E_6"
cacnes_clade_46,1,cacnes_clade_46,29,UserReplicon_RM_Type_III_1,RM,RM_Type_III,IICLCNME_00489,IICLCNME_00490,"IICLCNME_00489,IICLCNME_00490",2,"RM_Type_III__Type_III_MTases,RM_Type_III__Type_III_REases"
cacnes_clade_46,2,cacnes_clade_46,29,UserReplicon_AbiD_1,AbiD,AbiD,IICLCNME_00476,IICLCNME_00476,IICLCNME_00476,1,AbiD__AbiD
cacnes_clade_85,0,cacnes_clade_85,30,UserReplicon_CAS_Class1-Subtype-I-E_1,Cas,CAS_Class1-Subtype-I-E,EADEIAPP_02717,EADEIAPP_02718,"EADEIAPP_02717,EADEIAPP_02718",2,"Cas__cas5_I-E_13,Cas__cas7_I-E_16"
cacnes_clade_85,1,cacnes_clade_85,30,UserReplicon_RM_Type_III_1,RM,RM_Type_III,EADEIAPP_02487,EADEIAPP_02488,"EADEIAPP_02487,EADEIAPP_02488",2,"RM_Type_III__Type_III_MTases,RM_Type_III__Type_III_REases"
cacnes_clade_85,3,cacnes_clade_85,30,UserReplicon_Lamassu-Fam_2,Lamassu-Fam,Lamassu-Fam,EADEIAPP_02065,EADEIAPP_02067,"EADEIAPP_02065,EADEIAPP_02066,EADEIAPP_02067",3,"Lamassu-Fam__LmuA_effector_hypothetical,Lamassu-Fam__LmuC_acc_hypothetical,Lamassu-Fam__LmuB_SMC_hypothetical"
cacnes_clade_85,2,cacnes_clade_85,30,UserReplicon_AbiD_1,AbiD,AbiD,EADEIAPP_02056,EADEIAPP_02056,EADEIAPP_02056,1,AbiD__AbiD
cacnes_clade_6,3,cacnes_clade_6,31,UserReplicon_Gabija_2,Gabija,Gabija,PFKHHBLC_01921,PFKHHBLC_01922,"PFKHHBLC_01921,PFKHHBLC_01922",2,"Gabija__GajB_2,Gabija__GajA"
cacnes_clade_6,2,cacnes_clade_6,31,UserReplicon_Lamassu-Fam_3,Lamassu-Fam,Lamassu-Fam,PFKHHBLC_01442,PFKHHBLC_01444,"PFKHHBLC_01442,PFKHHBLC_01443,PFKHHBLC_01444",3,"Lamassu-Fam__LmuA_effector_hypothetical,Lamassu-Fam__LmuC_acc_hypothetical,Lamassu-Fam__LmuB_SMC_hypothetical"
cacnes_clade_6,0,cacnes_clade_6,31,UserReplicon_RM_Type_III_1,RM,RM_Type_III,PFKHHBLC_01446,PFKHHBLC_01447,"PFKHHBLC_01446,PFKHHBLC_01447",2,"RM_Type_III__Type_III_MTases,RM_Type_III__Type_III_REases"
cacnes_clade_6,1,cacnes_clade_6,31,UserReplicon_AbiD_1,AbiD,AbiD,PFKHHBLC_01433,PFKHHBLC_01433,PFKHHBLC_01433,1,AbiD__AbiD
cacnes_clade_69,2,cacnes_clade_69,32,UserReplicon_Lamassu-Fam_2,Lamassu-Fam,Lamassu-Fam,AEOIJAGN_01373,AEOIJAGN_01375,"AEOIJAGN_01373,AEOIJAGN_01374,AEOIJAGN_01375",3,"Lamassu-Fam__LmuB_SMC_hypothetical,Lamassu-Fam__LmuC_acc_hypothetical,Lamassu-Fam__LmuA_effector_hypothetical"
cacnes_clade_69,1,cacnes_clade_69,32,UserReplicon_AbiD_1,AbiD,AbiD,AEOIJAGN_00524,AEOIJAGN_00524,AEOIJAGN_00524,1,AbiD__AbiD
cacnes_clade_69,0,cacnes_clade_69,32,UserReplicon_RM_Type_III_1,RM,RM_Type_III,AEOIJAGN_01370,AEOIJAGN_01371,"AEOIJAGN_01370,AEOIJAGN_01371",2,"RM_Type_III__Type_III_REases,RM_Type_III__Type_III_MTases"
cacnes_clade_20,3,cacnes_clade_20,33,UserReplicon_Gabija_2,Gabija,Gabija,CHNOHKOF_02324,CHNOHKOF_02325,"CHNOHKOF_02324,CHNOHKOF_02325",2,"Gabija__GajA,Gabija__GajB_2"
cacnes_clade_20,2,cacnes_clade_20,33,UserReplicon_Lamassu-Fam_3,Lamassu-Fam,Lamassu-Fam,CHNOHKOF_02290,CHNOHKOF_02292,"CHNOHKOF_02290,CHNOHKOF_02291,CHNOHKOF_02292",3,"Lamassu-Fam__LmuB_SMC_hypothetical,Lamassu-Fam__LmuC_acc_hypothetical,Lamassu-Fam__LmuA_effector_hypothetical"
cacnes_clade_20,1,cacnes_clade_20,33,UserReplicon_AbiD_1,AbiD,AbiD,CHNOHKOF_00359,CHNOHKOF_00359,CHNOHKOF_00359,1,AbiD__AbiD
cacnes_clade_20,0,cacnes_clade_20,33,UserReplicon_RM_Type_III_1,RM,RM_Type_III,CHNOHKOF_02287,CHNOHKOF_02288,"CHNOHKOF_02287,CHNOHKOF_02288",2,"RM_Type_III__Type_III_REases,RM_Type_III__Type_III_MTases"
cacnes_clade_61,1,cacnes_clade_61,34,UserReplicon_AbiD_1,AbiD,AbiD,MJGAGFMF_01992,MJGAGFMF_01992,MJGAGFMF_01992,1,AbiD__AbiD
cacnes_clade_61,2,cacnes_clade_61,34,UserReplicon_Lamassu-Fam_2,Lamassu-Fam,Lamassu-Fam,MJGAGFMF_02001,MJGAGFMF_02003,"MJGAGFMF_02001,MJGAGFMF_02002,MJGAGFMF_02003",3,"Lamassu-Fam__LmuA_effector_hypothetical,Lamassu-Fam__LmuC_acc_hypothetical,Lamassu-Fam__LmuB_SMC_hypothetical"
cacnes_clade_61,0,cacnes_clade_61,34,UserReplicon_CAS_Class1-Subtype-I-E_1,Cas,CAS_Class1-Subtype-I-E,MJGAGFMF_02839,MJGAGFMF_02840,"MJGAGFMF_02839,MJGAGFMF_02840",2,"Cas__cas5_I-E_13,Cas__cas7_I-E_16"
cacnes_clade_48,2,cacnes_clade_48,35,UserReplicon_RM_Type_III_1,RM,RM_Type_III,BPKAIMHG_00582,BPKAIMHG_00583,"BPKAIMHG_00582,BPKAIMHG_00583",2,"RM_Type_III__Type_III_MTases,RM_Type_III__Type_III_REases"
cacnes_clade_48,3,cacnes_clade_48,35,UserReplicon_AbiD_1,AbiD,AbiD,BPKAIMHG_00569,BPKAIMHG_00569,BPKAIMHG_00569,1,AbiD__AbiD
cacnes_clade_48,4,cacnes_clade_48,35,UserReplicon_Lamassu-Fam_3,Lamassu-Fam,Lamassu-Fam,BPKAIMHG_00578,BPKAIMHG_00580,"BPKAIMHG_00578,BPKAIMHG_00579,BPKAIMHG_00580",3,"Lamassu-Fam__LmuA_effector_hypothetical,Lamassu-Fam__LmuC_acc_hypothetical,Lamassu-Fam__LmuB_SMC_hypothetical"
cacnes_clade_48,0,cacnes_clade_48,35,UserReplicon_CAS_Class1-Subtype-I-E_1,Cas,CAS_Class1-Subtype-I-E,BPKAIMHG_03277,BPKAIMHG_03278,"BPKAIMHG_03277,BPKAIMHG_03278",2,"Cas__cas5_I-E_13,Cas__cas7_I-E_16"
cacnes_clade_48,1,cacnes_clade_48,35,UserReplicon_CAS_Class1-Subtype-I-E_2,Cas,CAS_Class1-Subtype-I-E,BPKAIMHG_03464,BPKAIMHG_03465,"BPKAIMHG_03464,BPKAIMHG_03465",2,"Cas__cas5_I-E_13,Cas__cas6e_I_II_III_IV_V_VI_3"
cacnes_clade_48,5,cacnes_clade_48,35,UserReplicon_AbiQ_2,AbiQ,AbiQ,BPKAIMHG_05808,BPKAIMHG_05808,BPKAIMHG_05808,1,AbiQ__AbiQ
cacnes_clade_16,1,cacnes_clade_16,36,UserReplicon_Lamassu-Fam_2,Lamassu-Fam,Lamassu-Fam,FDGJCCEJ_00846,FDGJCCEJ_00848,"FDGJCCEJ_00846,FDGJCCEJ_00847,FDGJCCEJ_00848",3,"Lamassu-Fam__LmuB_SMC_hypothetical,Lamassu-Fam__LmuC_acc_hypothetical,Lamassu-Fam__LmuA_effector_hypothetical"
cacnes_clade_16,0,cacnes_clade_16,36,UserReplicon_RM_Type_III_1,RM,RM_Type_III,FDGJCCEJ_00843,FDGJCCEJ_00844,"FDGJCCEJ_00843,FDGJCCEJ_00844",2,"RM_Type_III__Type_III_REases,RM_Type_III__Type_III_MTases"
cacnes_clade_16,2,cacnes_clade_16,36,UserReplicon_AbiD_1,AbiD,AbiD,FDGJCCEJ_00857,FDGJCCEJ_00857,FDGJCCEJ_00857,1,AbiD__AbiD
cacnes_clade_55,1,cacnes_clade_55,37,UserReplicon_AbiD_1,AbiD,AbiD,MLIOOGLM_01675,MLIOOGLM_01675,MLIOOGLM_01675,1,AbiD__AbiD
cacnes_clade_55,0,cacnes_clade_55,37,UserReplicon_RM_Type_III_1,RM,RM_Type_III,MLIOOGLM_01688,MLIOOGLM_01689,"MLIOOGLM_01688,MLIOOGLM_01689",2,"RM_Type_III__Type_III_MTases,RM_Type_III__Type_III_REases"
cacnes_clade_55,2,cacnes_clade_55,37,UserReplicon_Lamassu-Fam_2,Lamassu-Fam,Lamassu-Fam,MLIOOGLM_01684,MLIOOGLM_01686,"MLIOOGLM_01684,MLIOOGLM_01685,MLIOOGLM_01686",3,"Lamassu-Fam__LmuA_effector_hypothetical,Lamassu-Fam__LmuC_acc_hypothetical,Lamassu-Fam__LmuB_SMC_hypothetical"
cacnes_clade_91,1,cacnes_clade_91,38,UserReplicon_Lamassu-Fam_2,Lamassu-Fam,Lamassu-Fam,PODANCNB_01616,PODANCNB_01618,"PODANCNB_01616,PODANCNB_01617,PODANCNB_01618",3,"Lamassu-Fam__LmuB_SMC_hypothetical,Lamassu-Fam__LmuC_acc_hypothetical,Lamassu-Fam__LmuA_effector_hypothetical"
cacnes_clade_91,0,cacnes_clade_91,38,UserReplicon_RM_Type_III_1,RM,RM_Type_III,PODANCNB_01613,PODANCNB_01614,"PODANCNB_01613,PODANCNB_01614",2,"RM_Type_III__Type_III_REases,RM_Type_III__Type_III_MTases"
cacnes_clade_91,2,cacnes_clade_91,38,UserReplicon_AbiD_1,AbiD,AbiD,PODANCNB_01627,PODANCNB_01627,PODANCNB_01627,1,AbiD__AbiD
cacnes_clade_14,2,cacnes_clade_14,39,UserReplicon_Lamassu-Fam_3,Lamassu-Fam,Lamassu-Fam,GJAICGJG_02192,GJAICGJG_02194,"GJAICGJG_02192,GJAICGJG_02193,GJAICGJG_02194",3,"Lamassu-Fam__LmuA_effector_hypothetical,Lamassu-Fam__LmuC_acc_hypothetical,Lamassu-Fam__LmuB_SMC_hypothetical"
cacnes_clade_14,0,cacnes_clade_14,39,UserReplicon_Gabija_2,Gabija,Gabija,GJAICGJG_01745,GJAICGJG_01746,"GJAICGJG_01745,GJAICGJG_01746",2,"Gabija__GajA,Gabija__GajB_2"
cacnes_clade_14,1,cacnes_clade_14,39,UserReplicon_AbiD_1,AbiD,AbiD,GJAICGJG_02070,GJAICGJG_02070,GJAICGJG_02070,1,AbiD__AbiD
cacnes_clade_28,3,cacnes_clade_28,40,UserReplicon_Gabija_2,Gabija,Gabija,FJAKEMEL_01633,FJAKEMEL_01634,"FJAKEMEL_01633,FJAKEMEL_01634",2,"Gabija__GajB_2,Gabija__GajA"
cacnes_clade_28,1,cacnes_clade_28,40,UserReplicon_Lamassu-Fam_3,Lamassu-Fam,Lamassu-Fam,FJAKEMEL_00325,FJAKEMEL_00327,"FJAKEMEL_00325,FJAKEMEL_00326,FJAKEMEL_00327",3,"Lamassu-Fam__LmuB_SMC_hypothetical,Lamassu-Fam__LmuC_acc_hypothetical,Lamassu-Fam__LmuA_effector_hypothetical"
cacnes_clade_28,0,cacnes_clade_28,40,UserReplicon_RM_Type_III_1,RM,RM_Type_III,FJAKEMEL_00322,FJAKEMEL_00323,"FJAKEMEL_00322,FJAKEMEL_00323",2,"RM_Type_III__Type_III_REases,RM_Type_III__Type_III_MTases"
cacnes_clade_28,2,cacnes_clade_28,40,UserReplicon_AbiD_1,AbiD,AbiD,FJAKEMEL_00336,FJAKEMEL_00336,FJAKEMEL_00336,1,AbiD__AbiD
cacnes_clade_1,4,cacnes_clade_1,41,UserReplicon_Gabija_2,Gabija,Gabija,PGGKJBJH_02430,PGGKJBJH_02431,"PGGKJBJH_02430,PGGKJBJH_02431",2,"Gabija__GajA,Gabija__GajB_2"
cacnes_clade_1,3,cacnes_clade_1,41,UserReplicon_AbiD_1,AbiD,AbiD,PGGKJBJH_01055,PGGKJBJH_01055,PGGKJBJH_01055,1,AbiD__AbiD
cacnes_clade_1,2,cacnes_clade_1,41,UserReplicon_Lamassu-Fam_3,Lamassu-Fam,Lamassu-Fam,PGGKJBJH_01044,PGGKJBJH_01046,"PGGKJBJH_01044,PGGKJBJH_01045,PGGKJBJH_01046",3,"Lamassu-Fam__LmuB_SMC_hypothetical,Lamassu-Fam__LmuC_acc_hypothetical,Lamassu-Fam__LmuA_effector_hypothetical"
cacnes_clade_1,1,cacnes_clade_1,41,UserReplicon_RM_Type_III_1,RM,RM_Type_III,PGGKJBJH_01041,PGGKJBJH_01042,"PGGKJBJH_01041,PGGKJBJH_01042",2,"RM_Type_III__Type_III_REases,RM_Type_III__Type_III_MTases"
cacnes_clade_1,0,cacnes_clade_1,41,UserReplicon_CAS_Class1-Subtype-I-E_1,Cas,CAS_Class1-Subtype-I-E,PGGKJBJH_02582,PGGKJBJH_02586,"PGGKJBJH_02582,PGGKJBJH_02583,PGGKJBJH_02584,PGGKJBJH_02585,PGGKJBJH_02586",5,"Cas__cas8e_I-E_5,Cas__cse2gr11_I-E_6,Cas__cas7_I-E_16,Cas__cas5_I-E_13,Cas__cas6e_I_II_III_IV_V_VI_3"
cacnes_clade_89,0,cacnes_clade_89,42,UserReplicon_Lamassu-Fam_3,Lamassu-Fam,Lamassu-Fam,FADFEFEM_00666,FADFEFEM_00668,"FADFEFEM_00666,FADFEFEM_00667,FADFEFEM_00668",3,"Lamassu-Fam__LmuB_SMC_hypothetical,Lamassu-Fam__LmuC_acc_hypothetical,Lamassu-Fam__LmuA_effector_hypothetical"
cacnes_clade_89,1,cacnes_clade_89,42,UserReplicon_AbiD_1,AbiD,AbiD,FADFEFEM_00677,FADFEFEM_00677,FADFEFEM_00677,1,AbiD__AbiD
cacnes_clade_89,2,cacnes_clade_89,42,UserReplicon_Gabija_2,Gabija,Gabija,FADFEFEM_01426,FADFEFEM_01427,"FADFEFEM_01426,FADFEFEM_01427",2,"Gabija__GajA,Gabija__GajB_2"
cacnes_clade_12,0,cacnes_clade_12,43,UserReplicon_RM_Type_III_1,RM,RM_Type_III,PINNDMIJ_00520,PINNDMIJ_00521,"PINNDMIJ_00520,PINNDMIJ_00521",2,"RM_Type_III__Type_III_REases,RM_Type_III__Type_III_MTases"
cacnes_clade_12,2,cacnes_clade_12,43,UserReplicon_AbiD_1,AbiD,AbiD,PINNDMIJ_00534,PINNDMIJ_00534,PINNDMIJ_00534,1,AbiD__AbiD
cacnes_clade_12,1,cacnes_clade_12,43,UserReplicon_Lamassu-Fam_2,Lamassu-Fam,Lamassu-Fam,PINNDMIJ_00523,PINNDMIJ_00525,"PINNDMIJ_00523,PINNDMIJ_00524,PINNDMIJ_00525",3,"Lamassu-Fam__LmuB_SMC_hypothetical,Lamassu-Fam__LmuC_acc_hypothetical,Lamassu-Fam__LmuA_effector_hypothetical"
cacnes_clade_34,0,cacnes_clade_34,44,UserReplicon_RM_Type_IIG_1,RM,RM_Type_IIG,LDLGEDCN_01558,LDLGEDCN_01558,LDLGEDCN_01558,1,RM_Type_IIG__Type_IIG
cacnes_clade_58,0,cacnes_clade_58,45,UserReplicon_RM_Type_IIG_1,RM,RM_Type_IIG,IOLDKIOE_01592,IOLDKIOE_01592,IOLDKIOE_01592,1,RM_Type_IIG__Type_IIG
cacnes_clade_71,0,cacnes_clade_71,46,UserReplicon_CAS_Class1-Subtype-I-E_1,Cas,CAS_Class1-Subtype-I-E,OPPPIMCE_02554,OPPPIMCE_02557,"OPPPIMCE_02554,OPPPIMCE_02555,OPPPIMCE_02556,OPPPIMCE_02557",4,"Cas__cas7_I-E_16,Cas__cse2gr11_I-E_6,Cas__cas8e_I-E_5,Cas__cas3_I_2"
cacnes_clade_71,1,cacnes_clade_71,46,UserReplicon_CAS_Class1-Subtype-I-E_2,Cas,CAS_Class1-Subtype-I-E,OPPPIMCE_03020,OPPPIMCE_03021,"OPPPIMCE_03020,OPPPIMCE_03021",2,"Cas__cas6e_I_II_III_IV_V_VI_3,Cas__cas5_I_9"
cacnes_clade_71,2,cacnes_clade_71,46,UserReplicon_RM_Type_IIG_1,RM,RM_Type_IIG,OPPPIMCE_01270,OPPPIMCE_01270,OPPPIMCE_01270,1,RM_Type_IIG__Type_IIG
cacnes_clade_66,0,cacnes_clade_66,47,UserReplicon_CAS_Class1-Subtype-I-E_1,Cas,CAS_Class1-Subtype-I-E,EGMHLHGK_02682,EGMHLHGK_02683,"EGMHLHGK_02682,EGMHLHGK_02683",2,"Cas__cse2gr11_I-E_6,Cas__cas8e_I-E_5"
cacnes_clade_66,1,cacnes_clade_66,47,UserReplicon_RM_Type_IIG_1,RM,RM_Type_IIG,EGMHLHGK_01101,EGMHLHGK_01101,EGMHLHGK_01101,1,RM_Type_IIG__Type_IIG
cacnes_clade_72,0,cacnes_clade_72,48,UserReplicon_CAS_Class1-Subtype-I-E_1,Cas,CAS_Class1-Subtype-I-E,EEKHOPFD_02473,EEKHOPFD_02478,"EEKHOPFD_02473,EEKHOPFD_02474,EEKHOPFD_02475,EEKHOPFD_02476,EEKHOPFD_02477,EEKHOPFD_02478",6,"Cas__cas6e_I_II_III_IV_V_VI_3,Cas__cas5_I-E_13,Cas__cas7_I-E_16,Cas__cse2gr11_I-E_6,Cas__cas8e_I-E_5,Cas__cas3_I_2"
cacnes_clade_72,1,cacnes_clade_72,48,UserReplicon_RM_Type_IIG_1,RM,RM_Type_IIG,EEKHOPFD_00357,EEKHOPFD_00357,EEKHOPFD_00357,1,RM_Type_IIG__Type_IIG
cacnes_clade_22,0,cacnes_clade_22,49,UserReplicon_RM_Type_IIG_1,RM,RM_Type_IIG,GKLGEEFC_01601,GKLGEEFC_01601,GKLGEEFC_01601,1,RM_Type_IIG__Type_IIG
cacnes_clade_29,0,cacnes_clade_29,50,UserReplicon_RM_Type_IIG_1,RM,RM_Type_IIG,OPACIENH_00295,OPACIENH_00295,OPACIENH_00295,1,RM_Type_IIG__Type_IIG
cacnes_clade_42,1,cacnes_clade_42,51,UserReplicon_AbiD_1,AbiD,AbiD,KABBHOAJ_02602,KABBHOAJ_02602,KABBHOAJ_02602,1,AbiD__AbiD
cacnes_clade_42,0,cacnes_clade_42,51,UserReplicon_RM_Type_IIG_1,RM,RM_Type_IIG,KABBHOAJ_01034,KABBHOAJ_01034,KABBHOAJ_01034,1,RM_Type_IIG__Type_IIG
cacnes_clade_74,3,cacnes_clade_74,52,UserReplicon_CapRel_1,CapRel,CapRel,EMCEIELD_00551,EMCEIELD_00551,EMCEIELD_00551,1,CapRel__CapRel
cacnes_clade_74,0,cacnes_clade_74,52,UserReplicon_CAS_Class1-Subtype-I-E_1,Cas,CAS_Class1-Subtype-I-E,EMCEIELD_00866,EMCEIELD_00873,"EMCEIELD_00866,EMCEIELD_00867,EMCEIELD_00868,EMCEIELD_00869,EMCEIELD_00870,EMCEIELD_00871,EMCEIELD_00872,EMCEIELD_00873",8,"Cas__cas3_I_2,Cas__cas8e_I-E_5,Cas__cse2gr11_I-E_6,Cas__cas7_I-E_16,Cas__cas5_I-E_13,Cas__cas6e_I_II_III_IV_V_VI_3,Cas__cas1_I-E_1,Cas__cas2_I-E_1"
cacnes_clade_74,1,cacnes_clade_74,52,UserReplicon_CAS_Class1-Subtype-I-E_2,Cas,CAS_Class1-Subtype-I-E,EMCEIELD_04358,EMCEIELD_04363,"EMCEIELD_04358,EMCEIELD_04359,EMCEIELD_04360,EMCEIELD_04361,EMCEIELD_04362,EMCEIELD_04363",6,"Cas__cas6e_I_II_III_IV_V_VI_3,Cas__cas5_I-E_13,Cas__cas7_I-E_16,Cas__cse2gr11_I-E_6,Cas__cas8e_I-E_5,Cas__cas3_I_2"
cacnes_clade_74,2,cacnes_clade_74,52,UserReplicon_RM_Type_IIG_1,RM,RM_Type_IIG,EMCEIELD_02755,EMCEIELD_02755,EMCEIELD_02755,1,RM_Type_IIG__Type_IIG
cacnes_clade_77,0,cacnes_clade_77,53,UserReplicon_RM_Type_IIG_1,RM,RM_Type_IIG,OIKGMMBO_00189,OIKGMMBO_00189,OIKGMMBO_00189,1,RM_Type_IIG__Type_IIG
cacnes_clade_77,1,cacnes_clade_77,53,UserReplicon_AbiQ_1,AbiQ,AbiQ,OIKGMMBO_02312,OIKGMMBO_02312,OIKGMMBO_02312,1,AbiQ__AbiQ
cacnes_clade_17,0,cacnes_clade_17,54,UserReplicon_RM_Type_IIG_1,RM,RM_Type_IIG,CJEMBGJO_00879,CJEMBGJO_00879,CJEMBGJO_00879,1,RM_Type_IIG__Type_IIG
cacnes_clade_86,7,cacnes_clade_86,55,UserReplicon_PD-T4-9_1,PD-T4-9,PD-T4-9,KHAHEANE_04692,KHAHEANE_04694,"KHAHEANE_04692,KHAHEANE_04694",2,"PD-T4-9__PD-T4-9_C,PD-T4-9__PD-T4-9_A"
cacnes_clade_86,2,cacnes_clade_86,55,UserReplicon_RM_Type_III_3,RM,RM_Type_III,KHAHEANE_04703,KHAHEANE_04704,"KHAHEANE_04703,KHAHEANE_04704",2,"RM_Type_III__Type_III_MTases,RM_Type_III__Type_III_REases"
cacnes_clade_86,5,cacnes_clade_86,55,UserReplicon_Gabija_4,Gabija,Gabija,KHAHEANE_04912,KHAHEANE_04913,"KHAHEANE_04912,KHAHEANE_04913",2,"Gabija__GajB_2,Gabija__GajA"
cacnes_clade_86,4,cacnes_clade_86,55,UserReplicon_AbiQ_3,AbiQ,AbiQ,KHAHEANE_04713,KHAHEANE_04713,KHAHEANE_04713,1,AbiQ__AbiQ
cacnes_clade_86,0,cacnes_clade_86,55,UserReplicon_RM_Type_IIG_2,RM,RM_Type_IIG,KHAHEANE_01085,KHAHEANE_01085,KHAHEANE_01085,1,RM_Type_IIG__Type_IIG
cacnes_clade_86,1,cacnes_clade_86,55,UserReplicon_RM_Type_I_1,RM,RM_Type_I,KHAHEANE_01563,KHAHEANE_01566,"KHAHEANE_01563,KHAHEANE_01565,KHAHEANE_01566",3,"RM__Type_I_S,RM__Type_I_MTases,RM__Type_I_REases"
cacnes_clade_86,6,cacnes_clade_86,55,UserReplicon_AbiD_2,AbiD,AbiD,KHAHEANE_07155,KHAHEANE_07155,KHAHEANE_07155,1,AbiD__AbiD
cacnes_clade_86,3,cacnes_clade_86,55,UserReplicon_AbiD_1,AbiD,AbiD,KHAHEANE_04280,KHAHEANE_04280,KHAHEANE_04280,1,AbiD__AbiD
cacnes_clade_11,0,cacnes_clade_11,56,UserReplicon_RM_Type_IIG_1,RM,RM_Type_IIG,BMCADEEE_01431,BMCADEEE_01431,BMCADEEE_01431,1,RM_Type_IIG__Type_IIG
cacnes_clade_56,0,cacnes_clade_56,57,UserReplicon_RM_Type_IIG_1,RM,RM_Type_IIG,CPPEPEOC_00733,CPPEPEOC_00733,CPPEPEOC_00733,1,RM_Type_IIG__Type_IIG
cacnes_clade_41,0,cacnes_clade_41,58,UserReplicon_RM_Type_IIG_1,RM,RM_Type_IIG,EHDBLDME_00259,EHDBLDME_00259,EHDBLDME_00259,1,RM_Type_IIG__Type_IIG
cacnes_clade_53,0,cacnes_clade_53,59,UserReplicon_RM_Type_IIG_1,RM,RM_Type_IIG,MFMIFILF_03241,MFMIFILF_03241,MFMIFILF_03241,1,RM_Type_IIG__Type_IIG
cacnes_clade_53,1,cacnes_clade_53,59,UserReplicon_Abi2_1,Abi2,Abi2,MFMIFILF_02723,MFMIFILF_02723,MFMIFILF_02723,1,Abi2__Abi_2
cacnes_clade_53,2,cacnes_clade_53,59,UserReplicon_AbiD_2,AbiD,AbiD,MFMIFILF_04586,MFMIFILF_04586,MFMIFILF_04586,1,AbiD__AbiD
cacnes_clade_65,7,cacnes_clade_65,60,UserReplicon_AbiH_2,AbiH,AbiH,OIJNOIBH_08353,OIJNOIBH_08353,OIJNOIBH_08353,1,AbiH__AbiH
cacnes_clade_65,5,cacnes_clade_65,60,UserReplicon_AbiJ_3,AbiJ,AbiJ,OIJNOIBH_04233,OIJNOIBH_04233,OIJNOIBH_04233,1,AbiJ__AbiJ
cacnes_clade_65,2,cacnes_clade_65,60,UserReplicon_RM_Type_I_1,RM,RM_Type_I,OIJNOIBH_04621,OIJNOIBH_04624,"OIJNOIBH_04621,OIJNOIBH_04622,OIJNOIBH_04624",3,"RM__Type_I_REases,RM__Type_I_MTases,RM__Type_I_S"
cacnes_clade_65,4,cacnes_clade_65,60,UserReplicon_Abi2_1,Abi2,Abi2,OIJNOIBH_03093,OIJNOIBH_03093,OIJNOIBH_03093,1,Abi2__Abi_2
cacnes_clade_65,6,cacnes_clade_65,60,UserReplicon_AbiJ_4,AbiJ,AbiJ,OIJNOIBH_07810,OIJNOIBH_07810,OIJNOIBH_07810,1,AbiJ__AbiJ
cacnes_clade_65,3,cacnes_clade_65,60,UserReplicon_RM_Type_IV_4,RM,RM_Type_IV,OIJNOIBH_07249,OIJNOIBH_07249,OIJNOIBH_07249,1,RM_Type_IV__Type_IV_REases
cacnes_clade_65,0,cacnes_clade_65,60,UserReplicon_RM_Type_IIG_3,RM,RM_Type_IIG,OIJNOIBH_00282,OIJNOIBH_00282,OIJNOIBH_00282,1,RM_Type_IIG__Type_IIG
cacnes_clade_65,1,cacnes_clade_65,60,UserReplicon_RM_Type_II_2,RM,RM_Type_II,OIJNOIBH_00551,OIJNOIBH_00553,"OIJNOIBH_00551,OIJNOIBH_00552,OIJNOIBH_00553",3,"RM_Type_II__Type_II_REases,RM_Type_II__Type_II_MTases,RM_Type_II__Type_II_MTases"
cacnes_clade_39,0,cacnes_clade_39,61,UserReplicon_RM_Type_IIG_1,RM,RM_Type_IIG,BMIJHODF_02343,BMIJHODF_02343,BMIJHODF_02343,1,RM_Type_IIG__Type_IIG
cacnes_clade_90,0,cacnes_clade_90,62,UserReplicon_RM_Type_IIG_1,RM,RM_Type_IIG,DIGFEKGD_00744,DIGFEKGD_00744,DIGFEKGD_00744,1,RM_Type_IIG__Type_IIG
cacnes_clade_83,0,cacnes_clade_83,63,UserReplicon_RM_Type_IIG_1,RM,RM_Type_IIG,BGLGICJF_01399,BGLGICJF_01399,BGLGICJF_01399,1,RM_Type_IIG__Type_IIG
cacnes_clade_84,0,cacnes_clade_84,64,UserReplicon_RM_Type_I_1,RM,RM_Type_I,BKOJBOEN_02870,BKOJBOEN_02877,"BKOJBOEN_02870,BKOJBOEN_02873,BKOJBOEN_02874,BKOJBOEN_02875,BKOJBOEN_02877",5,"RM__Type_I_REases,RM__Type_I_REases,RM__Type_I_S,RM__Type_I_MTases,RM__Type_I_MTases"
cacnes_clade_84,1,cacnes_clade_84,64,UserReplicon_RM_Type_IIG_2,RM,RM_Type_IIG,BKOJBOEN_03084,BKOJBOEN_03084,BKOJBOEN_03084,1,RM_Type_IIG__Type_IIG
cacnes_clade_84,2,cacnes_clade_84,64,UserReplicon_AbiD_1,AbiD,AbiD,BKOJBOEN_04468,BKOJBOEN_04468,BKOJBOEN_04468,1,AbiD__AbiD
cacnes_clade_45,0,cacnes_clade_45,65,UserReplicon_RM_Type_IIG_1,RM,RM_Type_IIG,KADPFKBN_00881,KADPFKBN_00881,KADPFKBN_00881,1,RM_Type_IIG__Type_IIG
cacnes_clade_43,0,cacnes_clade_43,66,UserReplicon_RM_Type_IIG_1,RM,RM_Type_IIG,GFCDOFGM_01333,GFCDOFGM_01333,GFCDOFGM_01333,1,RM_Type_IIG__Type_IIG
cacnes_clade_19,0,cacnes_clade_19,67,UserReplicon_RM_Type_IIG_1,RM,RM_Type_IIG,IDDJENGI_01284,IDDJENGI_01284,IDDJENGI_01284,1,RM_Type_IIG__Type_IIG
cacnes_clade_75,0,cacnes_clade_75,68,UserReplicon_RM_Type_IIG_1,RM,RM_Type_IIG,NLPHHEOA_01600,NLPHHEOA_01600,NLPHHEOA_01600,1,RM_Type_IIG__Type_IIG
cacnes_clade_44,0,cacnes_clade_44,69,UserReplicon_RM_Type_IIG_1,RM,RM_Type_IIG,IFIJAJBC_01582,IFIJAJBC_01582,IFIJAJBC_01582,1,RM_Type_IIG__Type_IIG
cacnes_clade_88,0,cacnes_clade_88,70,UserReplicon_AbiD_1,AbiD,AbiD,FEJPNJIH_05207,FEJPNJIH_05207,FEJPNJIH_05207,1,AbiD__AbiD
cacnes_clade_78,2,cacnes_clade_78,71,UserReplicon_AbiQ_2,AbiQ,AbiQ,CAKGCACC_03250,CAKGCACC_03250,CAKGCACC_03250,1,AbiQ__AbiQ
cacnes_clade_78,3,cacnes_clade_78,71,UserReplicon_Abi2_1,Abi2,Abi2,CAKGCACC_04826,CAKGCACC_04826,CAKGCACC_04826,1,Abi2__Abi_2
cacnes_clade_78,1,cacnes_clade_78,71,UserReplicon_RM_Type_IIG_1,RM,RM_Type_IIG,CAKGCACC_02705,CAKGCACC_02705,CAKGCACC_02705,1,RM_Type_IIG__Type_IIG
cacnes_clade_78,0,cacnes_clade_78,71,UserReplicon_CBASS_I_2,CBASS,CBASS_I,CAKGCACC_04104,CAKGCACC_04105,"CAKGCACC_04104,CAKGCACC_04105",2,"CBASS__Effector_2TM_S_2TMBeta,CBASS__Cyclase_new"
cacnes_clade_50,1,cacnes_clade_50,72,UserReplicon_Abi2_1,Abi2,Abi2,JHFCMOFM_03182,JHFCMOFM_03182,JHFCMOFM_03182,1,Abi2__Abi_2
cacnes_clade_50,0,cacnes_clade_50,72,UserReplicon_RM_Type_IIG_1,RM,RM_Type_IIG,JHFCMOFM_03490,JHFCMOFM_03490,JHFCMOFM_03490,1,RM_Type_IIG__Type_IIG
cacnes_clade_21,0,cacnes_clade_21,73,UserReplicon_RM_Type_IIG_1,RM,RM_Type_IIG,NANJNHHB_00188,NANJNHHB_00188,NANJNHHB_00188,1,RM_Type_IIG__Type_IIG
cacnes_clade_73,0,cacnes_clade_73,74,UserReplicon_RM_Type_IIG_1,RM,RM_Type_IIG,HOFAKJKF_00823,HOFAKJKF_00823,HOFAKJKF_00823,1,RM_Type_IIG__Type_IIG
cacnes_clade_24,0,cacnes_clade_24,75,0,0,0,0,0,0,0,0
cacnes_clade_59,0,cacnes_clade_59,76,UserReplicon_RM_Type_IIG_1,RM,RM_Type_IIG,LCIPMGKE_01175,LCIPMGKE_01175,LCIPMGKE_01175,1,RM_Type_IIG__Type_IIG
cacnes_clade_76,0,cacnes_clade_76,77,UserReplicon_RM_Type_IIG_1,RM,RM_Type_IIG,HPBCMFMC_01403,HPBCMFMC_01403,HPBCMFMC_01403,1,RM_Type_IIG__Type_IIG
cacnes_clade_76,1,cacnes_clade_76,77,UserReplicon_RloC_1,RloC,RloC,HPBCMFMC_03033,HPBCMFMC_03033,HPBCMFMC_03033,1,RloC__RloC
cacnes_clade_47,0,cacnes_clade_47,78,UserReplicon_RM_Type_IIG_1,RM,RM_Type_IIG,BMONJMGP_01520,BMONJMGP_01520,BMONJMGP_01520,1,RM_Type_IIG__Type_IIG
cacnes_clade_40,0,cacnes_clade_40,79,0,0,0,0,0,0,0,0
cacnes_clade_68,0,cacnes_clade_68,80,UserReplicon_RM_Type_IIG_1,RM,RM_Type_IIG,DNOAHEGJ_00766,DNOAHEGJ_00766,DNOAHEGJ_00766,1,RM_Type_IIG__Type_IIG
cacnes_clade_7,0,cacnes_clade_7,81,0,0,0,0,0,0,0,0
cacnes_clade_51,0,cacnes_clade_51,82,UserReplicon_RM_Type_IIG_1,RM,RM_Type_IIG,OKNBMDOP_00429,OKNBMDOP_00429,OKNBMDOP_00429,1,RM_Type_IIG__Type_IIG
cacnes_clade_23,0,cacnes_clade_23,83,0,0,0,0,0,0,0,0
cacnes_clade_80,3,cacnes_clade_80,84,UserReplicon_AbiD_1,AbiD,AbiD,BHAOAIND_05388,BHAOAIND_05388,BHAOAIND_05388,1,AbiD__AbiD
cacnes_clade_80,2,cacnes_clade_80,84,UserReplicon_AbiQ_2,AbiQ,AbiQ,BHAOAIND_03867,BHAOAIND_03867,BHAOAIND_03867,1,AbiQ__AbiQ
cacnes_clade_80,1,cacnes_clade_80,84,UserReplicon_RM_Type_IIG_1,RM,RM_Type_IIG,BHAOAIND_01849,BHAOAIND_01849,BHAOAIND_01849,1,RM_Type_IIG__Type_IIG
cacnes_clade_80,0,cacnes_clade_80,84,UserReplicon_CAS_Class1-Subtype-I-E_1,Cas,CAS_Class1-Subtype-I-E,BHAOAIND_05028,BHAOAIND_05029,"BHAOAIND_05028,BHAOAIND_05029",2,"Cas__cas5_I-E_13,Cas__cas6e_I_II_III_IV_V_VI_3"
cacnes_clade_32,0,cacnes_clade_32,85,UserReplicon_RM_Type_III_1,RM,RM_Type_III,OBGMJELH_00630,OBGMJELH_00631,"OBGMJELH_00630,OBGMJELH_00631",2,"RM_Type_III__Type_III_REases,RM_Type_III__Type_III_MTases"
cacnes_clade_32,3,cacnes_clade_32,85,UserReplicon_Gabija_2,Gabija,Gabija,OBGMJELH_01678,OBGMJELH_01679,"OBGMJELH_01678,OBGMJELH_01679",2,"Gabija__GajA,Gabija__GajB_2"
cacnes_clade_32,1,cacnes_clade_32,85,UserReplicon_Lamassu-Fam_3,Lamassu-Fam,Lamassu-Fam,OBGMJELH_00633,OBGMJELH_00635,"OBGMJELH_00633,OBGMJELH_00634,OBGMJELH_00635",3,"Lamassu-Fam__LmuB_SMC_hypothetical,Lamassu-Fam__LmuC_acc_hypothetical,Lamassu-Fam__LmuA_effector_hypothetical"
cacnes_clade_32,2,cacnes_clade_32,85,UserReplicon_AbiD_1,AbiD,AbiD,OBGMJELH_01663,OBGMJELH_01663,OBGMJELH_01663,1,AbiD__AbiD
cacnes_clade_30,2,cacnes_clade_30,86,UserReplicon_Gabija_2,Gabija,Gabija,IHIPJHMJ_00948,IHIPJHMJ_00949,"IHIPJHMJ_00948,IHIPJHMJ_00949",2,"Gabija__GajB_2,Gabija__GajA"
cacnes_clade_30,0,cacnes_clade_30,86,UserReplicon_RM_Type_III_1,RM,RM_Type_III,IHIPJHMJ_02122,IHIPJHMJ_02123,"IHIPJHMJ_02122,IHIPJHMJ_02123",2,"RM_Type_III__Type_III_REases,RM_Type_III__Type_III_MTases"
cacnes_clade_30,3,cacnes_clade_30,86,UserReplicon_Lamassu-Fam_3,Lamassu-Fam,Lamassu-Fam,IHIPJHMJ_02125,IHIPJHMJ_02127,"IHIPJHMJ_02125,IHIPJHMJ_02126,IHIPJHMJ_02127",3,"Lamassu-Fam__LmuB_SMC_hypothetical,Lamassu-Fam__LmuC_acc_hypothetical,Lamassu-Fam__LmuA_effector_hypothetical"
cacnes_clade_30,1,cacnes_clade_30,86,UserReplicon_AbiD_1,AbiD,AbiD,IHIPJHMJ_00744,IHIPJHMJ_00744,IHIPJHMJ_00744,1,AbiD__AbiD
cacnes_clade_18,4,cacnes_clade_18,87,UserReplicon_Gabija_2,Gabija,Gabija,BPHGLMDD_02483,BPHGLMDD_02484,"BPHGLMDD_02483,BPHGLMDD_02484",2,"Gabija__GajA,Gabija__GajB_2"
cacnes_clade_18,1,cacnes_clade_18,87,UserReplicon_RM_Type_III_1,RM,RM_Type_III,BPHGLMDD_01259,BPHGLMDD_01260,"BPHGLMDD_01259,BPHGLMDD_01260",2,"RM_Type_III__Type_III_MTases,RM_Type_III__Type_III_REases"
cacnes_clade_18,2,cacnes_clade_18,87,UserReplicon_AbiD_1,AbiD,AbiD,BPHGLMDD_01246,BPHGLMDD_01246,BPHGLMDD_01246,1,AbiD__AbiD
cacnes_clade_18,3,cacnes_clade_18,87,UserReplicon_Lamassu-Fam_3,Lamassu-Fam,Lamassu-Fam,BPHGLMDD_01255,BPHGLMDD_01257,"BPHGLMDD_01255,BPHGLMDD_01256,BPHGLMDD_01257",3,"Lamassu-Fam__LmuA_effector_hypothetical,Lamassu-Fam__LmuC_acc_hypothetical,Lamassu-Fam__LmuB_SMC_hypothetical"
cacnes_clade_18,0,cacnes_clade_18,87,UserReplicon_CAS_Class1-Subtype-I-E_1,Cas,CAS_Class1-Subtype-I-E,BPHGLMDD_02548,BPHGLMDD_02552,"BPHGLMDD_02548,BPHGLMDD_02549,BPHGLMDD_02550,BPHGLMDD_02552",4,"Cas__cas7_I-E_16,Cas__cse2gr11_I-E_6,Cas__cas8e_I-E_5,Cas__cas3_I_2"
cacnes_clade_13,0,cacnes_clade_13,88,UserReplicon_Gabija_2,Gabija,Gabija,ANOPMBGG_01143,ANOPMBGG_01144,"ANOPMBGG_01143,ANOPMBGG_01144",2,"Gabija__GajA,Gabija__GajB_2"
cacnes_clade_13,2,cacnes_clade_13,88,UserReplicon_Lamassu-Fam_3,Lamassu-Fam,Lamassu-Fam,ANOPMBGG_01638,ANOPMBGG_01640,"ANOPMBGG_01638,ANOPMBGG_01639,ANOPMBGG_01640",3,"Lamassu-Fam__LmuB_SMC_hypothetical,Lamassu-Fam__LmuC_acc_hypothetical,Lamassu-Fam__LmuA_effector_hypothetical"
cacnes_clade_13,1,cacnes_clade_13,88,UserReplicon_AbiD_1,AbiD,AbiD,ANOPMBGG_01226,ANOPMBGG_01226,ANOPMBGG_01226,1,AbiD__AbiD
cacnes_clade_37,3,cacnes_clade_37,89,UserReplicon_Gabija_2,Gabija,Gabija,FNNIGJMN_01719,FNNIGJMN_01720,"FNNIGJMN_01719,FNNIGJMN_01720",2,"Gabija__GajB_2,Gabija__GajA"
cacnes_clade_37,2,cacnes_clade_37,89,UserReplicon_Lamassu-Fam_3,Lamassu-Fam,Lamassu-Fam,FNNIGJMN_01428,FNNIGJMN_01430,"FNNIGJMN_01428,FNNIGJMN_01429,FNNIGJMN_01430",3,"Lamassu-Fam__LmuA_effector_hypothetical,Lamassu-Fam__LmuC_acc_hypothetical,Lamassu-Fam__LmuB_SMC_hypothetical"
cacnes_clade_37,1,cacnes_clade_37,89,UserReplicon_AbiD_1,AbiD,AbiD,FNNIGJMN_01419,FNNIGJMN_01419,FNNIGJMN_01419,1,AbiD__AbiD
cacnes_clade_37,0,cacnes_clade_37,89,UserReplicon_RM_Type_III_1,RM,RM_Type_III,FNNIGJMN_01432,FNNIGJMN_01433,"FNNIGJMN_01432,FNNIGJMN_01433",2,"RM_Type_III__Type_III_MTases,RM_Type_III__Type_III_REases"
cacnes_clade_27,0,cacnes_clade_27,90,UserReplicon_RM_Type_III_1,RM,RM_Type_III,MOHDENEB_02201,MOHDENEB_02202,"MOHDENEB_02201,MOHDENEB_02202",2,"RM_Type_III__Type_III_MTases,RM_Type_III__Type_III_REases"
cacnes_clade_27,1,cacnes_clade_27,90,UserReplicon_Gabija_2,Gabija,Gabija,MOHDENEB_01105,MOHDENEB_01106,"MOHDENEB_01105,MOHDENEB_01106",2,"Gabija__GajA,Gabija__GajB_2"
cacnes_clade_27,2,cacnes_clade_27,90,UserReplicon_AbiD_1,AbiD,AbiD,MOHDENEB_01474,MOHDENEB_01474,MOHDENEB_01474,1,AbiD__AbiD
cacnes_clade_36,3,cacnes_clade_36,91,UserReplicon_Gabija_2,Gabija,Gabija,IJDBPLEM_01661,IJDBPLEM_01662,"IJDBPLEM_01661,IJDBPLEM_01662",2,"Gabija__GajB_2,Gabija__GajA"
cacnes_clade_36,2,cacnes_clade_36,91,UserReplicon_AbiD_1,AbiD,AbiD,IJDBPLEM_01454,IJDBPLEM_01454,IJDBPLEM_01454,1,AbiD__AbiD
cacnes_clade_36,1,cacnes_clade_36,91,UserReplicon_Lamassu-Fam_3,Lamassu-Fam,Lamassu-Fam,IJDBPLEM_01443,IJDBPLEM_01445,"IJDBPLEM_01443,IJDBPLEM_01444,IJDBPLEM_01445",3,"Lamassu-Fam__LmuB_SMC_hypothetical,Lamassu-Fam__LmuC_acc_hypothetical,Lamassu-Fam__LmuA_effector_hypothetical"
cacnes_clade_36,0,cacnes_clade_36,91,UserReplicon_RM_Type_III_1,RM,RM_Type_III,IJDBPLEM_01440,IJDBPLEM_01441,"IJDBPLEM_01440,IJDBPLEM_01441",2,"RM_Type_III__Type_III_REases,RM_Type_III__Type_III_MTases"
