Spacer_ID	Target_contig	Protospacer_start	Protospacer_end	Percent_identity	mismatches	protospacer_sequence	mismatch_locations	upstream_bases	downstream_bases	target_strand
unknown_CRISPR_type(1E)_4	NC_028967.1	5885	5917	93.93939393939394	2	CGCGGCAATCTCAGAAGGCCACAACAAATTCGT	CGC.GCAATCTCAGAAGGCCACAACAA.TTCGT	AA	GG	minus
unknown_CRISPR_type(1E)_7	CP003294_homologous_region_length_31925	11146	11177	93.75	2	ACCGGGACCATCCCGGTCGGCTTCCTGAAAGG	ACCGGG.CCATCCCGGTCGGC.TCCTGAAAGG	GT	AA	minus
unknown_CRISPR_type(1E)_17	NC_028967.1	21578	21609	90.625	3	GGGCAGAGGATGTGTTGCTCGTTTTTGGACGG	GGGCAGAGGATGTGTTGCTCGTT..TGGA.GG	AC	AT	plus
unknown_CRISPR_type(1E)_22	CP003294_homologous_region_length_31925	20807	20839	100.0	0	GGAGCGCCTGTCGTGAGGCGAAGTGAGCGCGGT	GGAGCGCCTGTCGTGAGGCGAAGTGAGCGCGGT	AA	GG	plus
unknown_CRISPR_type(1E)_55	NC_028967.1	13823	13855	93.93939393939394	2	GTTGGAGATTGTTTCCGGTGGGCGTGCGGAGCG	GTTGGAGATTGTT.CCGG.GGGCGTGCGGAGCG	AA	TG	plus
unknown_CRISPR_type(1E)_65	NC_028967.1	9289	9320	100.0	0	GGCCTGCGGCAGATTTTTGTTGCGTTGAATCC	GGCCTGCGGCAGATTTTTGTTGCGTTGAATCC	AC	GG	plus
unknown_CRISPR_type(1E)_68	NC_028967.1	8706	8738	100.0	0	GTCTATCTATGATGTGACTATTGGTGGCGGTAT	GTCTATCTATGATGTGACTATTGGTGGCGGTAT	AA	AG	plus
unknown_CRISPR_type(1E)_76	CP003294_homologous_region_length_31925	11109	11139	96.7741935483871	1	TCTCATGCTCGATCAATTCCTCCTGCTGCCA	TCTCATGCTCGATCA.TTCCTCCTGCTGCCA	CC	CT	minus
unknown_CRISPR_type(1E)_84	NC_028967.1	17758	17789	96.875	1	CCAGACAACCTCGACAACCTATTCAGGGGATG	CCAGACAACCTCGACAACCT.TTCAGGGGATG	AC	AC	minus
unknown_CRISPR_type(1E)_86	CP003294_homologous_region_length_31925	14100	14131	100.0	0	GTGAACGGGGCATGGGATTAGCCGAGGCGCTA	GTGAACGGGGCATGGGATTAGCCGAGGCGCTA	AC	CG	plus
unknown_CRISPR_type(1E)_93	CP003294_homologous_region_length_31925	15080	15110	100.0	0	CCATGAGCGGCTGCGCTCCCGATCGGCGGCG	CCATGAGCGGCTGCGCTCCCGATCGGCGGCG	CT	AC	plus
unknown_CRISPR_type(1E)_98	CP003294_homologous_region_length_31925	4993	5025	100.0	0	GGCTCAGCCCTGCCCGATGCCTACGCCAAATGG	GGCTCAGCCCTGCCCGATGCCTACGCCAAATGG	AA	GA	minus
unknown_CRISPR_type(1E)_101	NC_028967.1	5368	5399	96.875	1	TTACGCTGGAAACCCCAATGAACACGCGAGAA	TTACGCTGGAA.CCCCAATGAACACGCGAGAA	AG	AT	minus
unknown_CRISPR_type(1E)_103	NC_028967.1	6497	6529	93.93939393939394	2	GTCTTCTGGGGTGCAGGCTATGTTGGCTGAGCG	GTCTTCTGGGGTGCAG.C.ATGTTGGCTGAGCG	AA	TG	plus
unknown_CRISPR_type(1E)_105	CP003294_homologous_region_length_31925	8946	8977	100.0	0	GCCTACCGTCAGCTGACTCACGCCTCCGCGTT	GCCTACCGTCAGCTGACTCACGCCTCCGCGTT	AC	CG	minus
unknown_CRISPR_type(1E)_107	NC_028967.1	4573	4605	100.0	0	CGACGTGAGGGTGTCGCGTTTGTGGATGCTCTT	CGACGTGAGGGTGTCGCGTTTGTGGATGCTCTT	AA	GT	plus
unknown_CRISPR_type(1E)_131	NC_028967.1	2733	2765	93.93939393939394	2	CTGCGCCAACAGTCTCATCTGATCCGAATACGG	CTGCGCCAACAG.C.CATCTGATCCGAATACGG	AA	TG	minus
unknown_CRISPR_type(1E)_140	NC_028967.1	11710	11740	93.54838709677419	2	GCCTATGACGAGTTGTGGTCTGCGTTTCCTC	GC.TATGACGAGTTGTGGTC.GCGTTTCCTC	AA	CC	plus
unknown_CRISPR_type(1E)_150	NC_028967.1	18479	18511	96.96969696969697	1	CCATGTGGATTCGCCTTCCATGGATGGGCATTG	CCATGTGGA.TCGCCTTCCATGGATGGGCATTG	AA	GA	plus
unknown_CRISPR_type(1E)_156	NC_028967.1	17120	17152	93.93939393939394	2	CCACAAGATTTCGCTGCACTCGTCTAGCGTGTC	CCACA.GATTTCGCTGCA.TCGTCTAGCGTGTC	CA	CT	plus
unknown_CRISPR_type(1E)_181	CP003294_homologous_region_length_31925	22830	22862	100.0	0	CTGCCGAGATAGCGCTGCGCAGCACCGGGGCGA	CTGCCGAGATAGCGCTGCGCAGCACCGGGGCGA	AA	CT	plus
unknown_CRISPR_type(1E)_182	NC_028967.1	13256	13287	90.625	3	ATCGAGTTGGCTGAGTCGGATGTGTTGCGTTT	ATCGAGTTGGCTGAGTCG.A.GTGTTGCG.TT	AG	TG	plus
unknown_CRISPR_type(1E)_187	CP003294_homologous_region_length_31925	14045	14077	96.96969696969697	1	GTCAATGTCGAGATTGGCCTGGGGGTCCATGTC	GTC.ATGTCGAGATTGGCCTGGGGGTCCATGTC	AA	GA	minus
unknown_CRISPR_type(1E)_188	NC_028967.1	22703	22734	96.875	1	ATGGCTAGCCCGGATTTTTGGCTGCCGGAGCG	ATGGCTAGCCCGGATTTTTGGCTGCC.GAGCG	AC	CC	plus
